-- Generated by tasks/refresh_db.ts

USE `19pvp_world`;

DELETE FROM quest_request_items WHERE ID >= 777000 AND ID <= 777017;
DELETE FROM quest_offer_reward WHERE ID >= 777000 AND ID <= 777017;
DELETE FROM quest_template_addon WHERE ID >= 777000 AND ID <= 777017;
DELETE FROM creature_queststarter WHERE quest >= 777000 AND quest <= 777017;
DELETE FROM creature_questender WHERE quest >= 777000 AND quest <= 777017;
DELETE FROM quest_template WHERE ID >= 777000 AND ID <= 777017;
DELETE FROM quest_poi WHERE QuestId >= 777000 AND QuestId <= 777017;
DELETE FROM quest_poi_points WHERE QuestId >= 777000 AND QuestId <= 777017;

UPDATE `item_template` SET `AllowableClass` = -1 WHERE (`entry` = 18468);

UPDATE `creature_template` SET `npcflag` = `npcflag` | 2 WHERE `entry` IN (19531, 19537, 19538, 20084, 20205, 20980, 22427);

UPDATE `creature_template`
SET `name` = CASE `entry`
  WHEN 213 THEN 'Starving Dire Wolf'
  WHEN 428 THEN 'Dire Condor'
  WHEN 547 THEN 'Great Goretusk'
  WHEN 569 THEN 'Green Recluse'
  WHEN 958 THEN 'Pygmy Venom Web Spider'
  WHEN 1417 THEN 'Young Wetlands Crocolisk'
  WHEN 2350 THEN 'Forest Moss Creeper'
  WHEN 2804 THEN 'Kurden Bloodclaw'
  WHEN 3247 THEN 'Thunderhawk Hatchlingl'
  WHEN 3256 THEN 'Sunscale Scytheclaw'
  WHEN 4129 THEN 'Hecklefang Snarler'
  WHEN 5161 THEN 'Angler Thorn Vale'
  WHEN 14981 THEN 'Elfarran'
  WHEN 19531 THEN 'Eyonix'
  WHEN 19533 THEN 'Dealer Aljaan'
  WHEN 19534 THEN 'Dealer Digriz'
  WHEN 19535 THEN 'Dealer Zijaad'
  WHEN 19537 THEN 'Dealer Malij'
  WHEN 19538 THEN 'Dealer Senzik'
  WHEN 19539 THEN 'Jazdalaad'
  WHEN 19540 THEN 'Asarnan'
  WHEN 20084 THEN 'Image of Nexus-Prince Haramad'
  WHEN 20205 THEN 'Audi the Needle'
  WHEN 20242 THEN 'Karaaz'
  WHEN 20980 THEN 'Dealer Rashaad'
  WHEN 20981 THEN 'Dealer Najeeb'
  WHEN 20989 THEN 'Dealer Sadaqat'
  WHEN 22427 THEN 'Zarevhi'
  WHEN 22899 THEN 'Warpweaver Rahim'
  WHEN 32332 THEN 'Action Jaxon'
  WHEN 32474 THEN 'Jonas The Fisherman'
  WHEN 35364 THEN 'Slahtz'
  WHEN 35365 THEN 'Behsten'
END
WHERE `entry` IN (213, 428, 547, 569, 958, 1417, 2350, 2804, 3247, 3256, 4129, 5161, 14981, 19531, 19533, 19534, 19535, 19537, 19538, 19539, 19540, 20084, 20205, 20242, 20980, 20981, 20989, 22427, 22899, 32332, 32474, 35364, 35365);

UPDATE `creature_template`
SET `subname` = CASE `entry`
  WHEN 2804 THEN 'Warsong Gulch Battlemaster'
  WHEN 5161 THEN 'Fishing Supplies'
  WHEN 14981 THEN 'Warsong Gulch Battlemaster'
  WHEN 19531 THEN 'Innkeeper'
  WHEN 19533 THEN '(WIP) Transmog Merchant'
  WHEN 19534 THEN 'Weapons Merchant'
  WHEN 19535 THEN 'Tabar Merchant'
  WHEN 19537 THEN 'Enchant Merchant'
  WHEN 19538 THEN 'Gem Merchant'
  WHEN 19539 THEN 'Gem Quartermaster'
  WHEN 19540 THEN 'Enchant Quartermaster'
  WHEN 20084 THEN 'Field Commander'
  WHEN 20205 THEN 'Former Gladiator'
  WHEN 20242 THEN 'Clothier'
  WHEN 20980 THEN 'Accessory Merchant'
  WHEN 20981 THEN 'Exotic Creatures'
  WHEN 20989 THEN 'Armor Merchant'
  WHEN 22427 THEN 'Arcane Healer'
  WHEN 22899 THEN 'Transmogrifier'
  WHEN 32332 THEN 'Arena Battlemaster'
  WHEN 32474 THEN 'Fishing Trainer'
  WHEN 35364 THEN 'Weapons Quartermaster'
  WHEN 35365 THEN 'Armor Quartermaster'
END
WHERE `entry` IN (2804, 5161, 14981, 19531, 19533, 19534, 19535, 19537, 19538, 19539, 19540, 20084, 20205, 20242, 20980, 20981, 20989, 22427, 22899, 32332, 32474, 35364, 35365);

UPDATE `creature` SET `id1` = 14981, `id2` = 0, `id3` = 0 WHERE `guid` = 69933;
UPDATE `creature` SET `id1` = 2804, `id2` = 0, `id3` = 0 WHERE `guid` = 69934;
UPDATE `creature` SET `id1` = 12999, `id2` = 0, `id3` = 0 WHERE `guid` = 70019;
UPDATE `creature` SET `id1` = 32332, `id2` = 0, `id3` = 0 WHERE `guid` = 71820;

INSERT INTO `quest_template` (`ID`, `QuestType`, `QuestLevel`, `MinLevel`, `QuestSortID`, `QuestInfoID`, `SuggestedGroupNum`, `RequiredFactionId1`, `RequiredFactionId2`, `RequiredFactionValue1`, `RequiredFactionValue2`, `RewardNextQuest`, `RewardXPDifficulty`, `RewardMoney`, `RewardMoneyDifficulty`, `RewardDisplaySpell`, `RewardSpell`, `RewardHonor`, `RewardKillHonor`, `StartItem`, `Flags`, `RequiredPlayerKills`, `RewardItem1`, `RewardAmount1`, `RewardItem2`, `RewardAmount2`, `RewardItem3`, `RewardAmount3`, `RewardItem4`, `RewardAmount4`, `ItemDrop1`, `ItemDropQuantity1`, `ItemDrop2`, `ItemDropQuantity2`, `ItemDrop3`, `ItemDropQuantity3`, `ItemDrop4`, `ItemDropQuantity4`, `RewardChoiceItemID1`, `RewardChoiceItemQuantity1`, `RewardChoiceItemID2`, `RewardChoiceItemQuantity2`, `RewardChoiceItemID3`, `RewardChoiceItemQuantity3`, `RewardChoiceItemID4`, `RewardChoiceItemQuantity4`, `RewardChoiceItemID5`, `RewardChoiceItemQuantity5`, `RewardChoiceItemID6`, `RewardChoiceItemQuantity6`, `POIContinent`, `POIx`, `POIy`, `POIPriority`, `RewardTitle`, `RewardTalents`, `RewardArenaPoints`, `RewardFactionID1`, `RewardFactionValue1`, `RewardFactionOverride1`, `RewardFactionID2`, `RewardFactionValue2`, `RewardFactionOverride2`, `RewardFactionID3`, `RewardFactionValue3`, `RewardFactionOverride3`, `RewardFactionID4`, `RewardFactionValue4`, `RewardFactionOverride4`, `RewardFactionID5`, `RewardFactionValue5`, `RewardFactionOverride5`, `TimeAllowed`, `AllowableRaces`, `LogTitle`, `LogDescription`, `QuestDescription`, `AreaDescription`, `QuestCompletionLog`, `RequiredNpcOrGo1`, `RequiredNpcOrGo2`, `RequiredNpcOrGo3`, `RequiredNpcOrGo4`, `RequiredNpcOrGoCount1`, `RequiredNpcOrGoCount2`, `RequiredNpcOrGoCount3`, `RequiredNpcOrGoCount4`, `RequiredItemId1`, `RequiredItemId2`, `RequiredItemId3`, `RequiredItemId4`, `RequiredItemId5`, `RequiredItemId6`, `RequiredItemCount1`, `RequiredItemCount2`, `RequiredItemCount3`, `RequiredItemCount4`, `RequiredItemCount5`, `RequiredItemCount6`, `Unknown0`, `ObjectiveText1`, `ObjectiveText2`, `ObjectiveText3`, `ObjectiveText4`, `VerifiedBuild`) VALUES
  (777000, 2, 19, 19, 3738, 0, 0, 0, 0, 0, 0, 777001, 0, 0, 0, 0, 0, 0, 0, 0, 589824, 0, 0, 0, 0, 0, 0, 0, 0, 0, 0, 0, 0, 0, 0, 0, 0, 0, 0, 0, 0, 0, 0, 0, 0, 0, 0, 0, 0, 0, 530, 4113, 3066, 1, 0, 0, 0, 0, 0, 0, 0, 0, 0, 0, 0, 0, 0, 0, 0, 0, 0, 0, 0, 0, 'Welcome to the Stormspire', '', '', '', '', 0, 0, 0, 0, 0, 0, 0, 0, 0, 0, 0, 0, 0, 0, 0, 0, 0, 0, 0, 0, 0, '', '', '', '', 0),
  (777001, 2, 19, 19, 3738, 0, 0, 0, 0, 0, 0, 777002, 0, 0, 0, 55428, 36937, 0, 0, 0, 0, 0, 8545, 1, 0, 0, 0, 0, 0, 0, 0, 0, 0, 0, 0, 0, 0, 0, 0, 0, 0, 0, 0, 0, 0, 0, 0, 0, 0, 0, 530, 4095, 3024, 1, 0, 0, 0, 0, 0, 0, 0, 0, 0, 0, 0, 0, 0, 0, 0, 0, 0, 0, 0, 0, 'Stayin\' alive', 'Speak with Zarevhi, the arcane healer and learn it\'s techniques.', 'Food won\'t keep you alive when you\'re bleeding out. Find the healer here in the Stormspire. They\'ll show you how to patch up your own leaks so you aren\'t constantly running back from the graveyard.', 'Find the arcane healer inside the Stormspire.', 'Find the arcane healer inside the Stormspire.', 0, 0, 0, 0, 0, 0, 0, 0, 0, 0, 0, 0, 0, 0, 0, 0, 0, 0, 0, 0, 0, 'Find the arcane healer inside the Stormspire.', '', '', '', 0),
  (777002, 2, 19, 19, 3738, 0, 0, 0, 0, 0, 0, 777003, 0, 0, 0, 0, 0, 0, 0, 0, 0, 0, 0, 0, 0, 0, 0, 0, 0, 0, 0, 0, 0, 0, 0, 0, 0, 0, 28463, 2, 28468, 2, 0, 0, 0, 0, 0, 0, 0, 0, 530, 4202, 2999, 1, 0, 0, 0, 0, 0, 0, 0, 0, 0, 0, 0, 0, 0, 0, 0, 0, 0, 0, 0, 0, 'Gems for the Drip', 'Speak with Dealer Senzik to get your shiny gems.', 'Forget grinding dusty old librams and arcanums to pimp out your hats and legs. Instead, our top engineers cooked up special custom gems made specifically for your head and leg slots. You get the same insane stat boosts, but with way more variety to min-max your build! Go find Dealer Senzik the gem merchant right now and get shiny!', 'Find the gem merchant inside the Stormspire.', 'Find the gem merchant inside the Stormspire.', 0, 0, 0, 0, 0, 0, 0, 0, 0, 0, 0, 0, 0, 0, 0, 0, 0, 0, 0, 0, 0, 'Find the gem merchant inside the Stormspire.', '', '', '', 0),
  (777003, 2, 19, 19, 3738, 0, 0, 0, 0, 0, 0, 777004, 0, 0, 0, 0, 0, 0, 0, 0, 0, 0, 0, 0, 0, 0, 0, 0, 0, 0, 0, 0, 0, 0, 0, 0, 0, 0, 0, 0, 0, 0, 0, 0, 0, 0, 0, 0, 0, 0, 530, 4190, 3024, 1, 0, 0, 0, 0, 0, 0, 0, 0, 0, 0, 0, 0, 0, 0, 0, 0, 0, 0, 0, 0, 'An enchanting encounter', '[WIP] An enchanting encounter Progression text', '[WIP] An enchanting encounter Start text', 'Find the enchant merchant inside the Stormspire.', 'Find the enchant merchant inside the Stormspire.', 0, 0, 0, 0, 0, 0, 0, 0, 0, 0, 0, 0, 0, 0, 0, 0, 0, 0, 0, 0, 0, 'Find the enchant merchant inside the Stormspire.', '', '', '', 0),
  (777004, 2, 19, 19, 3738, 0, 0, 0, 0, 0, 0, 777005, 0, 0, 0, 0, 0, 0, 0, 0, 0, 0, 0, 0, 0, 0, 0, 0, 0, 0, 0, 0, 0, 0, 0, 0, 0, 0, 13966, 1, 18468, 1, 0, 0, 0, 0, 0, 0, 0, 0, 530, 4145, 3057, 1, 0, 0, 0, 0, 0, 0, 0, 0, 0, 0, 0, 0, 0, 0, 0, 0, 0, 0, 0, 0, 'Prepared for battle', '[WIP] Prepared for battle Progression text', '[WIP] Prepared for battle Start text', 'Find the accessory merchant inside the Stormspire.', 'Find the accessory merchant inside the Stormspire.', 0, 0, 0, 0, 0, 0, 0, 0, 0, 0, 0, 0, 0, 0, 0, 0, 0, 0, 0, 0, 0, 'Find the accessory merchant inside the Stormspire.', '', '', '', 0),
  (777005, 2, 19, 19, 3738, 0, 0, 0, 0, 0, 0, 777006, 0, 0, 0, 0, 0, 0, 0, 0, 0, 0, 18706, 1, 0, 0, 0, 0, 0, 0, 0, 0, 0, 0, 0, 0, 0, 0, 0, 0, 0, 0, 0, 0, 0, 0, 0, 0, 0, 0, 530, 4090, 2989, 1, 0, 0, 0, 0, 0, 0, 0, 0, 0, 0, 0, 0, 0, 0, 0, 0, 0, 0, 0, 0, 'Glad to meet you', '[WIP] Glad to meet you Progression text', '[WIP] Glad to meet you Start text', 'Find former gladiator Audi the Needle inside the Stormspire.', 'Find former gladiator Audi the Needle inside the Stormspire.', 0, 0, 0, 0, 0, 0, 0, 0, 0, 0, 0, 0, 0, 0, 0, 0, 0, 0, 0, 0, 0, 'Find former gladiator Audi the Needle inside the Stormspire.', '', '', '', 0),
  (777006, 2, 19, 19, 3738, 0, 0, 0, 0, 0, 0, 0, 0, 17500, 0, 0, 0, 1750, 0, 0, 0, 0, 0, 0, 0, 0, 0, 0, 0, 0, 0, 0, 0, 0, 0, 0, 0, 0, 0, 0, 0, 0, 0, 0, 0, 0, 0, 0, 0, 0, 530, 4120, 2926, 1, 0, 0, 0, 0, 0, 0, 0, 0, 0, 0, 0, 0, 0, 0, 0, 0, 0, 0, 0, 0, 'Just queue Warsong Gluch already!', '[WIP] Just queue Warsong Gluch already! Start text', '[WIP] Just queue Warsong Gluch already! Start text', 'Find the field commander inside the Stormspire.', 'Find the field commander inside the Stormspire.', 0, 0, 0, 0, 0, 0, 0, 0, 0, 0, 0, 0, 0, 0, 0, 0, 0, 0, 0, 0, 0, 'Find the field commander inside the Stormspire.', '', '', '', 0),
  (777007, 2, 19, 19, 3738, 0, 0, 0, 0, 0, 0, 0, 0, 0, 0, 55480, 36937, 0, 0, 0, 589824, 0, 0, 0, 0, 0, 0, 0, 0, 0, 0, 0, 0, 0, 0, 0, 0, 0, 0, 0, 0, 0, 0, 0, 0, 0, 0, 0, 0, 0, 530, 4095, 3024, 1, 0, 0, 0, 0, 0, 0, 0, 0, 0, 0, 0, 0, 0, 0, 0, 0, 0, 0, 0, 0, '[WIP] Life blood R2', '', '', '', '', 0, 0, 0, 0, 0, 0, 0, 0, 0, 0, 0, 0, 0, 0, 0, 0, 0, 0, 0, 0, 0, '', '', '', '', 0),
  (777008, 2, 19, 19, 3738, 0, 0, 0, 0, 0, 0, 0, 0, 0, 0, 55500, 36937, 0, 0, 0, 589824, 0, 0, 0, 0, 0, 0, 0, 0, 0, 0, 0, 0, 0, 0, 0, 0, 0, 0, 0, 0, 0, 0, 0, 0, 0, 0, 0, 0, 0, 530, 4095, 3024, 1, 0, 0, 0, 0, 0, 0, 0, 0, 0, 0, 0, 0, 0, 0, 0, 0, 0, 0, 0, 0, '[WIP] Life blood R3', '', '', '', '', 0, 0, 0, 0, 0, 0, 0, 0, 0, 0, 0, 0, 0, 0, 0, 0, 0, 0, 0, 0, 0, '', '', '', '', 0),
  (777009, 2, 19, 19, 3738, 0, 0, 0, 0, 0, 0, 0, 0, 0, 0, 0, 0, 0, 0, 0, 589824, 0, 13209, 1, 0, 0, 0, 0, 0, 0, 0, 0, 0, 0, 0, 0, 0, 0, 0, 0, 0, 0, 0, 0, 0, 0, 0, 0, 0, 0, 530, 4090, 2989, 1, 0, 0, 0, 0, 0, 0, 0, 0, 0, 0, 0, 0, 0, 0, 0, 0, 0, 0, 0, 0, '[WIP] AGM R2', '', '', '', '', 0, 0, 0, 0, 0, 0, 0, 0, 18706, 0, 0, 0, 0, 0, 1, 0, 0, 0, 0, 0, 0, '', '', '', '', 0),
  (777010, 2, 19, 19, 3738, 0, 0, 0, 0, 0, 0, 0, 0, 0, 0, 0, 0, 0, 0, 0, 589824, 0, 8663, 1, 0, 0, 0, 0, 0, 0, 0, 0, 0, 0, 0, 0, 0, 0, 0, 0, 0, 0, 0, 0, 0, 0, 0, 0, 0, 0, 530, 4090, 2989, 1, 0, 0, 0, 0, 0, 0, 0, 0, 0, 0, 0, 0, 0, 0, 0, 0, 0, 0, 0, 0, '[WIP] AGM R3', '', '', '', '', 0, 0, 0, 0, 0, 0, 0, 0, 13209, 0, 0, 0, 0, 0, 1, 0, 0, 0, 0, 0, 0, '', '', '', '', 0),
  (777011, 2, 19, 19, 3738, 0, 0, 0, 0, 0, 0, 0, 0, 0, 0, 0, 0, 0, 0, 0, 589824, 0, 19024, 1, 0, 0, 0, 0, 0, 0, 0, 0, 0, 0, 0, 0, 0, 0, 0, 0, 0, 0, 0, 0, 0, 0, 0, 0, 0, 0, 530, 4090, 2989, 1, 0, 0, 0, 0, 0, 0, 0, 0, 0, 0, 0, 0, 0, 0, 0, 0, 0, 0, 0, 0, '[WIP] AGM R4', '', '', '', '', 0, 0, 0, 0, 0, 0, 0, 0, 8663, 0, 0, 0, 0, 0, 1, 0, 0, 0, 0, 0, 0, '', '', '', '', 0),
  (777012, 2, 19, 19, 3738, 0, 0, 0, 0, 0, 0, 0, 0, 0, 0, 0, 0, 0, 0, 0, 589824, 0, 14529, 1, 0, 0, 0, 0, 0, 0, 0, 0, 0, 0, 0, 0, 0, 0, 0, 0, 0, 0, 0, 0, 0, 0, 0, 0, 0, 0, 530, 4095, 3024, 1, 0, 0, 0, 0, 0, 0, 0, 0, 0, 0, 0, 0, 0, 0, 0, 0, 0, 0, 0, 0, '[WIP] First Aid R2', '', '', '', '', 0, 0, 0, 0, 0, 0, 0, 0, 8545, 0, 0, 0, 0, 0, 1, 0, 0, 0, 0, 0, 0, '', '', '', '', 0),
  (777013, 2, 19, 19, 3738, 0, 0, 0, 0, 0, 0, 0, 0, 0, 0, 0, 0, 0, 0, 0, 589824, 0, 14530, 1, 0, 0, 0, 0, 0, 0, 0, 0, 0, 0, 0, 0, 0, 0, 0, 0, 0, 0, 0, 0, 0, 0, 0, 0, 0, 0, 530, 4095, 3024, 1, 0, 0, 0, 0, 0, 0, 0, 0, 0, 0, 0, 0, 0, 0, 0, 0, 0, 0, 0, 0, '[WIP] First Aid R3', '', '', '', '', 0, 0, 0, 0, 0, 0, 0, 0, 14529, 0, 0, 0, 0, 0, 1, 0, 0, 0, 0, 0, 0, '', '', '', '', 0),
  (777014, 2, 19, 19, 3738, 0, 0, 0, 0, 0, 0, 0, 0, 50000, 0, 0, 0, 5000, 0, 0, 593920, 0, 0, 0, 0, 0, 0, 0, 0, 0, 0, 0, 0, 0, 0, 0, 0, 0, 0, 0, 0, 0, 0, 0, 0, 0, 0, 0, 0, 0, 530, 4120, 2926, 1, 0, 0, 0, 0, 0, 0, 0, 0, 0, 0, 0, 0, 0, 0, 0, 0, 0, 0, 0, 0, '[WIP] Daily Honor Quest', '', '', '', '', 0, 0, 0, 0, 0, 0, 0, 0, 0, 0, 0, 0, 0, 0, 0, 0, 0, 0, 0, 0, 0, '', '', '', '', 0),
  (777015, 2, 19, 19, 3738, 0, 0, 0, 0, 0, 0, 0, 0, 50000, 0, 0, 0, 0, 0, 0, 593920, 0, 0, 0, 0, 0, 0, 0, 0, 0, 0, 0, 0, 0, 0, 0, 0, 0, 0, 0, 0, 0, 0, 0, 0, 0, 0, 0, 0, 0, 530, 4090, 2989, 1, 0, 0, 666, 0, 0, 0, 0, 0, 0, 0, 0, 0, 0, 0, 0, 0, 0, 0, 0, 0, '[WIP] Daily Arena Quest', '', '', '', '', 0, 0, 0, 0, 0, 0, 0, 0, 0, 0, 0, 0, 0, 0, 0, 0, 0, 0, 0, 0, 0, '', '', '', '', 0),
  (777016, 2, 19, 19, 3738, 0, 0, 0, 0, 0, 0, 0, 0, 150000, 0, 0, 0, 15000, 0, 0, 622592, 0, 0, 0, 0, 0, 0, 0, 0, 0, 0, 0, 0, 0, 0, 0, 0, 0, 0, 0, 0, 0, 0, 0, 0, 0, 0, 0, 0, 0, 530, 4120, 2926, 1, 0, 0, 0, 0, 0, 0, 0, 0, 0, 0, 0, 0, 0, 0, 0, 0, 0, 0, 0, 0, '[WIP] Weekly Honor Quest', '', '', '', '', 0, 0, 0, 0, 0, 0, 0, 0, 0, 0, 0, 0, 0, 0, 0, 0, 0, 0, 0, 0, 0, '', '', '', '', 0),
  (777017, 2, 19, 19, 3738, 0, 0, 0, 0, 0, 0, 0, 0, 150000, 0, 0, 0, 0, 0, 0, 622592, 0, 0, 0, 0, 0, 0, 0, 0, 0, 0, 0, 0, 0, 0, 0, 0, 0, 0, 0, 0, 0, 0, 0, 0, 0, 0, 0, 0, 0, 530, 4090, 2989, 1, 0, 0, 2000, 0, 0, 0, 0, 0, 0, 0, 0, 0, 0, 0, 0, 0, 0, 0, 0, 0, '[WIP] Weekly Arena Quest', '', '', '', '', 0, 0, 0, 0, 0, 0, 0, 0, 0, 0, 0, 0, 0, 0, 0, 0, 0, 0, 0, 0, 0, '', '', '', '', 0);

INSERT INTO `quest_offer_reward` (`ID`, `Emote1`, `Emote2`, `Emote3`, `Emote4`, `EmoteDelay1`, `EmoteDelay2`, `EmoteDelay3`, `EmoteDelay4`, `RewardText`, `VerifiedBuild`) VALUES
  (777000, 0, 0, 0, 0, 0, 0, 0, 0, 'Welcome to the Stormspire, traveler! Please, take a moment to rest, have a warm meal, and enjoy the artificial breeze. Your adventure in the dome starts now, but heed my words: do not step outside the glass. The twisting nether out there will tear a newcomer apart, and I’d prefer not to lose a customer so quickly.', 0),
  (777001, 0, 0, 0, 0, 0, 0, 0, 0, 'Those are reusable, don\'t throw them away !', 0),
  (777002, 0, 0, 0, 0, 0, 0, 0, 0, 'Welcome, friend! The healer speaks the truth; forget those primitive enchantments and dusty librams. The Consortium deals in pure, engineered energy!

I have some average gems are ready to fuse with your armor, but you must make a choice. Will you claim flawless accuracy so your strikes never falter, or supreme stamina to endure the heaviest blows?

Choose your power, traveler, and let us begin our business!', 0),
  (777003, 0, 0, 0, 0, 0, 0, 0, 0, '[WIP] An enchanting encounter End text', 0),
  (777004, 0, 0, 0, 0, 0, 0, 0, 0, '[WIP] Prepared for battle
End text', 0),
  (777005, 0, 0, 0, 0, 0, 0, 0, 0, '[WIP] Glad to meet you
End text', 0),
  (777006, 0, 0, 0, 0, 0, 0, 0, 0, '[WIP] Just queue Warsong Gluch already!
End text', 0),
  (777007, 0, 0, 0, 0, 0, 0, 0, 0, '[WIP] Upgrade your lifeblood to R2
End text !', 0),
  (777008, 0, 0, 0, 0, 0, 0, 0, 0, '[WIP] Upgrade your lifeblood to R3
End text !', 0),
  (777009, 0, 0, 0, 0, 0, 0, 0, 0, '[WIP] AGM R2 End Text', 0),
  (777010, 0, 0, 0, 0, 0, 0, 0, 0, '[WIP] AGM R3 End Text', 0),
  (777011, 0, 0, 0, 0, 0, 0, 0, 0, '[WIP] AGM R4 End Text', 0),
  (777012, 0, 0, 0, 0, 0, 0, 0, 0, '[WIP] First Aid R2 End Text', 0),
  (777013, 0, 0, 0, 0, 0, 0, 0, 0, '[WIP] First Aid R3 End Text', 0),
  (777014, 0, 0, 0, 0, 0, 0, 0, 0, '[WIP] Daily Honor Quest End Text', 0),
  (777015, 0, 0, 0, 0, 0, 0, 0, 0, '[WIP] Daily Arena Quest End Text', 0),
  (777016, 0, 0, 0, 0, 0, 0, 0, 0, '[WIP] Weekly Honor Quest End Text', 0),
  (777017, 0, 0, 0, 0, 0, 0, 0, 0, '[WIP] Weekly Arena Quest End Text', 0);

INSERT INTO `quest_template_addon` (`ID`, `MaxLevel`, `AllowableClasses`, `SourceSpellID`, `PrevQuestID`, `NextQuestID`, `ExclusiveGroup`, `RewardMailTemplateID`, `RewardMailDelay`, `RequiredSkillID`, `RequiredSkillPoints`, `RequiredMinRepFaction`, `RequiredMaxRepFaction`, `RequiredMinRepValue`, `RequiredMaxRepValue`, `ProvidedItemCount`, `SpecialFlags`) VALUES
  (777000, 19, 0, 0, 0, 777001, 0, 0, 0, 0, 0, 0, 0, 0, 0, 0, 32),
  (777001, 19, 0, 0, 0, 777002, 0, 0, 0, 0, 0, 0, 0, 0, 0, 0, 32),
  (777002, 19, 0, 0, 0, 777003, 0, 0, 0, 0, 0, 0, 0, 0, 0, 0, 32),
  (777003, 19, 0, 0, 0, 777004, 0, 0, 0, 0, 0, 0, 0, 0, 0, 0, 32),
  (777004, 19, 0, 0, 0, 777005, 0, 0, 0, 0, 0, 0, 0, 0, 0, 0, 32),
  (777005, 19, 0, 0, 0, 777006, 0, 0, 0, 0, 0, 0, 0, 0, 0, 0, 32),
  (777007, 19, 0, 0, 777001, 0, 0, 0, 0, 0, 0, 0, 0, 0, 0, 0, 32),
  (777008, 19, 0, 0, 777007, 0, 0, 0, 0, 0, 0, 0, 0, 0, 0, 0, 32),
  (777009, 19, 0, 0, 777004, 0, 0, 0, 0, 0, 0, 0, 0, 0, 0, 0, 32),
  (777010, 19, 0, 0, 777009, 0, 0, 0, 0, 0, 0, 0, 0, 0, 0, 0, 32),
  (777011, 19, 0, 0, 777010, 0, 0, 0, 0, 0, 0, 0, 0, 0, 0, 0, 32),
  (777012, 19, 0, 0, 777001, 0, 0, 0, 0, 0, 0, 0, 0, 0, 0, 0, 32),
  (777013, 19, 0, 0, 777012, 0, 0, 0, 0, 0, 0, 0, 0, 0, 0, 0, 32),
  (777014, 19, 0, 0, 777006, 0, 0, 0, 0, 0, 0, 0, 0, 0, 0, 0, 32),
  (777015, 19, 0, 0, 777004, 0, 0, 0, 0, 0, 0, 0, 0, 0, 0, 0, 32),
  (777016, 19, 0, 0, 777006, 0, 0, 0, 0, 0, 0, 0, 0, 0, 0, 0, 32),
  (777017, 19, 0, 0, 777004, 0, 0, 0, 0, 0, 0, 0, 0, 0, 0, 0, 32);

INSERT INTO `quest_request_items` (`ID`, `EmoteOnComplete`, `EmoteOnIncomplete`, `CompletionText`, `VerifiedBuild`) VALUES
  (777000, 0, 0, '', 0),
  (777001, 0, 0, 'Speak with Zarevhi, the arcane healer and learn it\'s techniques.', 0),
  (777002, 0, 0, 'Speak with Dealer Senzik to get your shiny gems.', 0),
  (777003, 0, 0, '[WIP] An enchanting encounter Progression text', 0),
  (777004, 0, 0, '[WIP] Prepared for battle Progression text', 0),
  (777005, 0, 0, '[WIP] Glad to meet you Progression text', 0),
  (777006, 0, 0, '[WIP] Just queue Warsong Gluch already! Start text', 0),
  (777007, 0, 0, '', 0),
  (777008, 0, 0, '', 0),
  (777009, 0, 0, '', 0),
  (777010, 0, 0, '', 0),
  (777011, 0, 0, '', 0),
  (777012, 0, 0, '', 0),
  (777013, 0, 0, '', 0),
  (777014, 0, 0, '', 0),
  (777015, 0, 0, '', 0),
  (777016, 0, 0, '', 0),
  (777017, 0, 0, '', 0);

INSERT INTO `creature_queststarter` (`id`, `quest`) VALUES
  (19531, 777000),
  (19531, 777001),
  (22427, 777002),
  (19538, 777003),
  (19537, 777004),
  (20980, 777005),
  (20205, 777006),
  (22427, 777007),
  (22427, 777008),
  (20205, 777009),
  (20205, 777010),
  (20205, 777011),
  (22427, 777012),
  (22427, 777013),
  (20084, 777014),
  (20205, 777015),
  (20084, 777016),
  (20205, 777017);

INSERT INTO `creature_questender` (`id`, `quest`) VALUES
  (19531, 777000),
  (22427, 777001),
  (19538, 777002),
  (19537, 777003),
  (20980, 777004),
  (20205, 777005),
  (20084, 777006),
  (22427, 777007),
  (22427, 777008),
  (20205, 777009),
  (20205, 777010),
  (20205, 777011),
  (22427, 777012),
  (22427, 777013),
  (20084, 777014),
  (20205, 777015),
  (20084, 777016),
  (20205, 777017);

INSERT INTO quest_poi (`QuestId`, `id`, `ObjectiveIndex`, `MapId`, `WorldMapAreaId`, `Floor`, `Priority`, `Flags`, `VerifiedBuild`) VALUES
  (777000, 1, -1, 530, 105, 0, 0, 0, 0),
  (777001, 1, -1, 530, 105, 0, 0, 0, 0),
  (777002, 1, -1, 530, 105, 0, 0, 0, 0),
  (777003, 1, -1, 530, 105, 0, 0, 0, 0),
  (777004, 1, -1, 530, 105, 0, 0, 0, 0),
  (777005, 1, -1, 530, 105, 0, 0, 0, 0),
  (777006, 1, -1, 530, 105, 0, 0, 0, 0),
  (777007, 1, -1, 530, 105, 0, 0, 0, 0),
  (777008, 1, -1, 530, 105, 0, 0, 0, 0),
  (777009, 1, -1, 530, 105, 0, 0, 0, 0),
  (777010, 1, -1, 530, 105, 0, 0, 0, 0),
  (777011, 1, -1, 530, 105, 0, 0, 0, 0),
  (777012, 1, -1, 530, 105, 0, 0, 0, 0),
  (777013, 1, -1, 530, 105, 0, 0, 0, 0),
  (777014, 1, -1, 530, 105, 0, 0, 0, 0),
  (777015, 1, -1, 530, 105, 0, 0, 0, 0),
  (777016, 1, -1, 530, 105, 0, 0, 0, 0),
  (777017, 1, -1, 530, 105, 0, 0, 0, 0);

INSERT INTO quest_poi_points (`QuestId`, `idx1`, `idx2`, `X`, `Y`) VALUES
  (777000, 1, 0, 4113, 3066),
  (777001, 1, 0, 4095, 3024),
  (777002, 1, 0, 4202, 2999),
  (777003, 1, 0, 4190, 3024),
  (777004, 1, 0, 4145, 3057),
  (777005, 1, 0, 4090, 2989),
  (777006, 1, 0, 4120, 2926),
  (777007, 1, 0, 4095, 3024),
  (777008, 1, 0, 4095, 3024),
  (777009, 1, 0, 4090, 2989),
  (777010, 1, 0, 4090, 2989),
  (777011, 1, 0, 4090, 2989),
  (777012, 1, 0, 4095, 3024),
  (777013, 1, 0, 4095, 3024),
  (777014, 1, 0, 4120, 2926),
  (777015, 1, 0, 4090, 2989),
  (777016, 1, 0, 4120, 2926),
  (777017, 1, 0, 4090, 2989);
