-- Generated by tasks/refresh_db.ts

USE `19pvp_world`;

DELETE FROM quest_request_items WHERE ID >= 777000 AND ID <= 777017;
DELETE FROM quest_offer_reward WHERE ID >= 777000 AND ID <= 777017;
DELETE FROM quest_template_addon WHERE ID >= 777000 AND ID <= 777017;
DELETE FROM creature_queststarter WHERE quest >= 777000 AND quest <= 777017;
DELETE FROM creature_questender WHERE quest >= 777000 AND quest <= 777017;
DELETE FROM quest_template WHERE ID >= 777000 AND ID <= 777017;
DELETE FROM quest_poi WHERE QuestId >= 777000 AND QuestId <= 777017;
DELETE FROM quest_poi_points WHERE QuestId >= 777000 AND QuestId <= 777017;

UPDATE item_template SET RequiredReputationFaction = 0, RequiredReputationRank = 0, AllowableRace = -1 WHERE RequiredReputationFaction <> 0 OR AllowableRace <> -1 OR RequiredReputationRank <> 0;
UPDATE item_template SET AllowableClass = -1 WHERE (entry = 18468);
UPDATE item_template SET socketColor_1 = 4, socketContent_1 = 1 WHERE (InventoryType IN (1, 7));
UPDATE item_template SET RequiredSkill = 0, RequiredSkillRank = 0 WHERE RequiredSkill > 0;
UPDATE item_template SET name = 'Smoked Speckled Tastyfish', spellcharges_1 = 0, description = 'The first bite is delicious. The thousandth is still a surprise.', Quality = 2, flags = flags | 32, SellPrice = 0, bonding = 1 WHERE (entry = 21153);
UPDATE item_template SET name = 'Infinite Bandage', Quality = 2, flags = flags | 32, spellcharges_1 = 0, SellPrice = 0, bonding = 1 WHERE (entry = 14530);
UPDATE item_template SET Quality = 3, spellcharges_1 = 0 WHERE (entry = 4381);

UPDATE creature_template SET npcflag = npcflag | 2 WHERE entry IN (19531, 19537, 19538, 20084, 20205, 20980, 22427);

UPDATE creature_template SET gossip_menu_id = 0, ScriptName = '' WHERE (entry IN (35364, 35365));

UPDATE creature_template
SET name = CASE entry
  WHEN 213 THEN 'Starving Dire Wolf'
  WHEN 428 THEN 'Dire Condor'
  WHEN 547 THEN 'Great Goretusk'
  WHEN 569 THEN 'Green Recluse'
  WHEN 958 THEN 'Pygmy Venom Web Spider'
  WHEN 1417 THEN 'Young Wetlands Crocolisk'
  WHEN 2350 THEN 'Forest Moss Creeper'
  WHEN 2804 THEN 'Kurden Bloodclaw'
  WHEN 3247 THEN 'Thunderhawk Hatchlingl'
  WHEN 3256 THEN 'Sunscale Scytheclaw'
  WHEN 4129 THEN 'Hecklefang Snarler'
  WHEN 5161 THEN 'Angler Thorn Vale'
  WHEN 14981 THEN 'Elfarran'
  WHEN 19531 THEN 'Eyonix'
  WHEN 19533 THEN 'Dealer Aljaan'
  WHEN 19534 THEN 'Dealer Digriz'
  WHEN 19535 THEN 'Dealer Zijaad'
  WHEN 19536 THEN 'Dealer Jadyan'
  WHEN 19537 THEN 'Dealer Malij'
  WHEN 19538 THEN 'Dealer Senzik'
  WHEN 19539 THEN 'Jazdalaad'
  WHEN 19540 THEN 'Asarnan'
  WHEN 20066 THEN 'Gahruj'
  WHEN 20084 THEN 'Image of Nexus-Prince Haramad'
  WHEN 20205 THEN 'Audi the Needle'
  WHEN 20242 THEN 'Karaaz'
  WHEN 20980 THEN 'Dealer Rashaad'
  WHEN 20981 THEN 'Dealer Najeeb'
  WHEN 20989 THEN 'Dealer Sadaqat'
  WHEN 22427 THEN 'Zarevhi'
  WHEN 22899 THEN 'Warpweaver Rahim'
  WHEN 29510 THEN 'Linna Bruder'
  WHEN 32332 THEN 'Action Jaxon'
  WHEN 32474 THEN 'Jonas The Fisherman'
  WHEN 35364 THEN 'Slahtz'
  WHEN 35365 THEN 'Behsten'
END
WHERE entry IN (213, 428, 547, 569, 958, 1417, 2350, 2804, 3247, 3256, 4129, 5161, 14981, 19531, 19533, 19534, 19535, 19536, 19537, 19538, 19539, 19540, 20066, 20084, 20205, 20242, 20980, 20981, 20989, 22427, 22899, 29510, 32332, 32474, 35364, 35365);

UPDATE creature_template
SET subname = CASE entry
  WHEN 2804 THEN 'Warsong Gulch Battlemaster'
  WHEN 5161 THEN 'Fishing Supplies'
  WHEN 14981 THEN 'Warsong Gulch Battlemaster'
  WHEN 19531 THEN 'Innkeeper'
  WHEN 19533 THEN '(WIP) Transmog Merchant'
  WHEN 19534 THEN 'Weapons Merchant'
  WHEN 19535 THEN 'Tabard Merchant'
  WHEN 19536 THEN 'Glyph Merchant'
  WHEN 19537 THEN 'Enchant Merchant'
  WHEN 19538 THEN 'Gem Merchant'
  WHEN 19539 THEN 'Gem Quartermaster'
  WHEN 19540 THEN 'Enchant Quartermaster'
  WHEN 20066 THEN 'Accessory Quartermaster'
  WHEN 20084 THEN 'Field Commander'
  WHEN 20205 THEN 'Former Gladiator'
  WHEN 20242 THEN 'Clothier'
  WHEN 20980 THEN 'Accessory Merchant'
  WHEN 20981 THEN 'Exotic Creatures'
  WHEN 20989 THEN 'Armor Merchant'
  WHEN 22427 THEN 'Arcane Healer'
  WHEN 22899 THEN 'Transmogrifier'
  WHEN 29510 THEN 'Trading Card Items'
  WHEN 32332 THEN 'Arena Battlemaster'
  WHEN 32474 THEN 'Fishing Trainer'
  WHEN 35364 THEN 'Weapons Quartermaster'
  WHEN 35365 THEN 'Armor Quartermaster'
END
WHERE entry IN (2804, 5161, 14981, 19531, 19533, 19534, 19535, 19536, 19537, 19538, 19539, 19540, 20066, 20084, 20205, 20242, 20980, 20981, 20989, 22427, 22899, 29510, 32332, 32474, 35364, 35365);

UPDATE creature SET id = 14981 WHERE guid = 69933;
UPDATE creature SET id = 2804 WHERE guid = 69934;
UPDATE creature SET id = 12999 WHERE guid = 70019;
UPDATE creature SET id = 32332 WHERE guid = 71820;

-- Remove vendor inventory and vendor flags from NPCs not listed in the ITEM sheet.
DELETE FROM npc_vendor WHERE entry NOT IN (19534, 19536, 19537, 19538, 19539, 19540, 20066, 20205, 20980, 20989, 35364, 35365);
UPDATE creature_template
SET npcflag = npcflag & 4294967055
WHERE (npcflag & 128) <> 0
  AND entry NOT IN (19534, 19536, 19537, 19538, 19539, 19540, 20066, 20205, 20980, 20989, 35364, 35365);

-- Remove trainer flags from merchant and quartermaster NPCs, including legacy entries.
UPDATE creature_template
SET npcflag = npcflag & 4294967183
WHERE LOWER(subname) LIKE '%merchant%'
   OR LOWER(subname) LIKE '%quartermaster%';

UPDATE creature_template
SET npcflag = (npcflag & 4294967183) | 128,
    faction = 1731
WHERE entry IN (19534, 19536, 19537, 19538, 19539, 19540, 20066, 20205, 20980, 20989, 35364, 35365);

DELETE FROM npc_vendor WHERE entry IN (19534, 19536, 19537, 19538, 19539, 19540, 20066, 20205, 20980, 20989, 35364, 35365);

UPDATE item_template
SET BuyPrice = CASE entry
  WHEN 872 THEN 5500
  WHEN 935 THEN 11500
  WHEN 1116 THEN 11500
  WHEN 1131 THEN 11500
  WHEN 1156 THEN 5500
  WHEN 1449 THEN 16000
  WHEN 1483 THEN 11500
  WHEN 1484 THEN 33500
  WHEN 1937 THEN 5500
  WHEN 1974 THEN 16000
  WHEN 2042 THEN 33500
  WHEN 2059 THEN 33500
  WHEN 2167 THEN 5500
  WHEN 2314 THEN 16000
  WHEN 2807 THEN 5500
  WHEN 2879 THEN 5500
  WHEN 2911 THEN 16000
  WHEN 3066 THEN 5500
  WHEN 3194 THEN 11500
  WHEN 3202 THEN 5500
  WHEN 3647 THEN 5500
  WHEN 4373 THEN 16000
  WHEN 4381 THEN 5500
  WHEN 4406 THEN 1650
  WHEN 5183 THEN 5500
  WHEN 5187 THEN 5500
  WHEN 5192 THEN 16000
  WHEN 5196 THEN 11500
  WHEN 5197 THEN 11500
  WHEN 5198 THEN 5500
  WHEN 5201 THEN 5500
  WHEN 5243 THEN 5500
  WHEN 5323 THEN 11500
  WHEN 5423 THEN 11500
  WHEN 5425 THEN 11500
  WHEN 5426 THEN 11500
  WHEN 5443 THEN 11500
  WHEN 5444 THEN 11500
  WHEN 5613 THEN 11500
  WHEN 5614 THEN 16000
  WHEN 6191 THEN 11500
  WHEN 6332 THEN 11500
  WHEN 6335 THEN 11500
  WHEN 6341 THEN 5500
  WHEN 6383 THEN 11500
  WHEN 6447 THEN 5500
  WHEN 6448 THEN 16000
  WHEN 6449 THEN 11500
  WHEN 6629 THEN 11500
  WHEN 6632 THEN 11500
  WHEN 6667 THEN 16000
  WHEN 6668 THEN 5500
  WHEN 6678 THEN 33500
  WHEN 7284 THEN 11500
  WHEN 7285 THEN 11500
  WHEN 7334 THEN 33500
  WHEN 10653 THEN 5500
  WHEN 12054 THEN 11500
  WHEN 12645 THEN 3450
  WHEN 12975 THEN 11500
  WHEN 12976 THEN 11500
  WHEN 12977 THEN 16000
  WHEN 12979 THEN 16000
  WHEN 12983 THEN 16000
  WHEN 12984 THEN 11500
  WHEN 12988 THEN 5500
  WHEN 12992 THEN 11500
  WHEN 12996 THEN 11500
  WHEN 13136 THEN 16000
  WHEN 13245 THEN 11500
  WHEN 14145 THEN 5500
  WHEN 14149 THEN 16000
  WHEN 14150 THEN 11500
  WHEN 14151 THEN 11500
  WHEN 14374 THEN 5500
  WHEN 16608 THEN 11500
  WHEN 18471 THEN 16000
  WHEN 22268 THEN 16000
  WHEN 22980 THEN 5500
  WHEN 22982 THEN 16000
  WHEN 22984 THEN 16000
  WHEN 22990 THEN 5500
  WHEN 22995 THEN 5500
  WHEN 23118 THEN 21775
  WHEN 24027 THEN 21775
  WHEN 24028 THEN 21775
  WHEN 24031 THEN 21775
  WHEN 24035 THEN 21775
  WHEN 24037 THEN 21775
  WHEN 24047 THEN 21775
  WHEN 24048 THEN 21775
  WHEN 27640 THEN 5500
  WHEN 27777 THEN 21775
  WHEN 28303 THEN 5500
  WHEN 28463 THEN 3575
  WHEN 28468 THEN 3575
  WHEN 29201 THEN 5500
  WHEN 29584 THEN 5500
  WHEN 30804 THEN 5500
  WHEN 31861 THEN 21775
  WHEN 35315 THEN 21775
  WHEN 38816 THEN 4800
  WHEN 38820 THEN 4800
  WHEN 38825 THEN 1650
  WHEN 38826 THEN 1650
  WHEN 38828 THEN 4800
  WHEN 38830 THEN 3450
  WHEN 38833 THEN 3450
  WHEN 38835 THEN 1650
  WHEN 38837 THEN 3450
  WHEN 38838 THEN 10050
  WHEN 38844 THEN 3450
  WHEN 38846 THEN 4800
  WHEN 38847 THEN 3450
  WHEN 38848 THEN 10050
  WHEN 38849 THEN 4800
  WHEN 38851 THEN 4800
  WHEN 38852 THEN 4800
  WHEN 38856 THEN 4800
  WHEN 38857 THEN 4800
  WHEN 38868 THEN 10050
  WHEN 38869 THEN 10050
  WHEN 38874 THEN 10050
  WHEN 38875 THEN 10050
  WHEN 38877 THEN 10050
  WHEN 38889 THEN 4800
  WHEN 38931 THEN 4800
  WHEN 38932 THEN 4800
  WHEN 40897 THEN 5500
  WHEN 40899 THEN 5500
  WHEN 40912 THEN 5500
  WHEN 40913 THEN 5500
  WHEN 40914 THEN 5500
  WHEN 40922 THEN 5500
  WHEN 40923 THEN 5500
  WHEN 40924 THEN 5500
  WHEN 41092 THEN 5500
  WHEN 41095 THEN 5500
  WHEN 41096 THEN 5500
  WHEN 41108 THEN 5500
  WHEN 41526 THEN 5500
  WHEN 41530 THEN 5500
  WHEN 41531 THEN 5500
  WHEN 41532 THEN 5500
  WHEN 41534 THEN 5500
  WHEN 41536 THEN 5500
  WHEN 41537 THEN 5500
  WHEN 41540 THEN 5500
  WHEN 42397 THEN 5500
  WHEN 42398 THEN 5500
  WHEN 42402 THEN 5500
  WHEN 42406 THEN 5500
  WHEN 42408 THEN 5500
  WHEN 42410 THEN 5500
  WHEN 42411 THEN 5500
  WHEN 42416 THEN 5500
  WHEN 42455 THEN 5500
  WHEN 42456 THEN 5500
  WHEN 42458 THEN 5500
  WHEN 42461 THEN 5500
  WHEN 42462 THEN 5500
  WHEN 42464 THEN 5500
  WHEN 42465 THEN 5500
  WHEN 42466 THEN 5500
  WHEN 42467 THEN 5500
  WHEN 42470 THEN 5500
  WHEN 42473 THEN 5500
  WHEN 42734 THEN 5500
  WHEN 42735 THEN 5500
  WHEN 42739 THEN 5500
  WHEN 42740 THEN 5500
  WHEN 42741 THEN 5500
  WHEN 42743 THEN 5500
  WHEN 42752 THEN 5500
  WHEN 42753 THEN 5500
  WHEN 42898 THEN 5500
  WHEN 42900 THEN 5500
  WHEN 42907 THEN 5500
  WHEN 42908 THEN 5500
  WHEN 42909 THEN 5500
  WHEN 42910 THEN 5500
  WHEN 42912 THEN 5500
  WHEN 42955 THEN 5500
  WHEN 42956 THEN 5500
  WHEN 42960 THEN 5500
  WHEN 42961 THEN 5500
  WHEN 42962 THEN 5500
  WHEN 42964 THEN 5500
  WHEN 42966 THEN 5500
  WHEN 42970 THEN 5500
  WHEN 42972 THEN 5500
  WHEN 42973 THEN 5500
  WHEN 42974 THEN 5500
  WHEN 43316 THEN 2200
  WHEN 43332 THEN 2200
  WHEN 43335 THEN 2200
  WHEN 43338 THEN 2200
  WHEN 43339 THEN 2200
  WHEN 43340 THEN 2200
  WHEN 43342 THEN 2200
  WHEN 43350 THEN 2200
  WHEN 43354 THEN 2200
  WHEN 43356 THEN 2200
  WHEN 43359 THEN 2200
  WHEN 43361 THEN 2200
  WHEN 43364 THEN 2200
  WHEN 43366 THEN 2200
  WHEN 43367 THEN 2200
  WHEN 43369 THEN 2200
  WHEN 43371 THEN 2200
  WHEN 43379 THEN 2200
  WHEN 43389 THEN 2200
  WHEN 43390 THEN 2200
  WHEN 43395 THEN 2200
  WHEN 43396 THEN 2200
  WHEN 43397 THEN 2200
  WHEN 43398 THEN 2200
  WHEN 43399 THEN 2200
  WHEN 43413 THEN 5500
  WHEN 43417 THEN 5500
  WHEN 43418 THEN 5500
  WHEN 43422 THEN 5500
  WHEN 43423 THEN 5500
  WHEN 43424 THEN 5500
  WHEN 43427 THEN 5500
  WHEN 43430 THEN 5500
  WHEN 43431 THEN 5500
  WHEN 43515 THEN 5500
  WHEN 43725 THEN 2200
  WHEN 45628 THEN 3450
  WHEN 45735 THEN 5500
  WHEN 45778 THEN 5500
  WHEN 45785 THEN 5500
  WHEN 50077 THEN 5500
  WHEN 50125 THEN 5500
END,
SellPrice = CASE entry
  WHEN 872 THEN 1375
  WHEN 935 THEN 2875
  WHEN 1116 THEN 2875
  WHEN 1131 THEN 2875
  WHEN 1156 THEN 1375
  WHEN 1449 THEN 4000
  WHEN 1483 THEN 2875
  WHEN 1484 THEN 8375
  WHEN 1937 THEN 1375
  WHEN 1974 THEN 4000
  WHEN 2042 THEN 8375
  WHEN 2059 THEN 8375
  WHEN 2167 THEN 1375
  WHEN 2314 THEN 4000
  WHEN 2807 THEN 1375
  WHEN 2879 THEN 1375
  WHEN 2911 THEN 4000
  WHEN 3066 THEN 1375
  WHEN 3194 THEN 2875
  WHEN 3202 THEN 1375
  WHEN 3647 THEN 1375
  WHEN 4373 THEN 4000
  WHEN 4381 THEN 1375
  WHEN 4406 THEN 412
  WHEN 5183 THEN 1375
  WHEN 5187 THEN 1375
  WHEN 5192 THEN 4000
  WHEN 5196 THEN 2875
  WHEN 5197 THEN 2875
  WHEN 5198 THEN 1375
  WHEN 5201 THEN 1375
  WHEN 5243 THEN 1375
  WHEN 5323 THEN 2875
  WHEN 5423 THEN 2875
  WHEN 5425 THEN 2875
  WHEN 5426 THEN 2875
  WHEN 5443 THEN 2875
  WHEN 5444 THEN 2875
  WHEN 5613 THEN 2875
  WHEN 5614 THEN 4000
  WHEN 6191 THEN 2875
  WHEN 6332 THEN 2875
  WHEN 6335 THEN 2875
  WHEN 6341 THEN 1375
  WHEN 6383 THEN 2875
  WHEN 6447 THEN 1375
  WHEN 6448 THEN 4000
  WHEN 6449 THEN 2875
  WHEN 6629 THEN 2875
  WHEN 6632 THEN 2875
  WHEN 6667 THEN 4000
  WHEN 6668 THEN 1375
  WHEN 6678 THEN 8375
  WHEN 7284 THEN 2875
  WHEN 7285 THEN 2875
  WHEN 7334 THEN 8375
  WHEN 10653 THEN 1375
  WHEN 12054 THEN 2875
  WHEN 12645 THEN 862
  WHEN 12975 THEN 2875
  WHEN 12976 THEN 2875
  WHEN 12977 THEN 4000
  WHEN 12979 THEN 4000
  WHEN 12983 THEN 4000
  WHEN 12984 THEN 2875
  WHEN 12988 THEN 1375
  WHEN 12992 THEN 2875
  WHEN 12996 THEN 2875
  WHEN 13136 THEN 4000
  WHEN 13245 THEN 2875
  WHEN 14145 THEN 1375
  WHEN 14149 THEN 4000
  WHEN 14150 THEN 2875
  WHEN 14151 THEN 2875
  WHEN 14374 THEN 1375
  WHEN 16608 THEN 2875
  WHEN 18471 THEN 4000
  WHEN 22268 THEN 4000
  WHEN 22980 THEN 1375
  WHEN 22982 THEN 4000
  WHEN 22984 THEN 4000
  WHEN 22990 THEN 1375
  WHEN 22995 THEN 1375
  WHEN 23118 THEN 5443
  WHEN 24027 THEN 5443
  WHEN 24028 THEN 5443
  WHEN 24031 THEN 5443
  WHEN 24035 THEN 5443
  WHEN 24037 THEN 5443
  WHEN 24047 THEN 5443
  WHEN 24048 THEN 5443
  WHEN 27640 THEN 1375
  WHEN 27777 THEN 5443
  WHEN 28303 THEN 1375
  WHEN 28463 THEN 893
  WHEN 28468 THEN 893
  WHEN 29201 THEN 1375
  WHEN 29584 THEN 1375
  WHEN 30804 THEN 1375
  WHEN 31861 THEN 5443
  WHEN 35315 THEN 5443
  WHEN 38816 THEN 1200
  WHEN 38820 THEN 1200
  WHEN 38825 THEN 412
  WHEN 38826 THEN 412
  WHEN 38828 THEN 1200
  WHEN 38830 THEN 862
  WHEN 38833 THEN 862
  WHEN 38835 THEN 412
  WHEN 38837 THEN 862
  WHEN 38838 THEN 2512
  WHEN 38844 THEN 862
  WHEN 38846 THEN 1200
  WHEN 38847 THEN 862
  WHEN 38848 THEN 2512
  WHEN 38849 THEN 1200
  WHEN 38851 THEN 1200
  WHEN 38852 THEN 1200
  WHEN 38856 THEN 1200
  WHEN 38857 THEN 1200
  WHEN 38868 THEN 2512
  WHEN 38869 THEN 2512
  WHEN 38874 THEN 2512
  WHEN 38875 THEN 2512
  WHEN 38877 THEN 2512
  WHEN 38889 THEN 1200
  WHEN 38931 THEN 1200
  WHEN 38932 THEN 1200
  WHEN 40897 THEN 1375
  WHEN 40899 THEN 1375
  WHEN 40912 THEN 1375
  WHEN 40913 THEN 1375
  WHEN 40914 THEN 1375
  WHEN 40922 THEN 1375
  WHEN 40923 THEN 1375
  WHEN 40924 THEN 1375
  WHEN 41092 THEN 1375
  WHEN 41095 THEN 1375
  WHEN 41096 THEN 1375
  WHEN 41108 THEN 1375
  WHEN 41526 THEN 1375
  WHEN 41530 THEN 1375
  WHEN 41531 THEN 1375
  WHEN 41532 THEN 1375
  WHEN 41534 THEN 1375
  WHEN 41536 THEN 1375
  WHEN 41537 THEN 1375
  WHEN 41540 THEN 1375
  WHEN 42397 THEN 1375
  WHEN 42398 THEN 1375
  WHEN 42402 THEN 1375
  WHEN 42406 THEN 1375
  WHEN 42408 THEN 1375
  WHEN 42410 THEN 1375
  WHEN 42411 THEN 1375
  WHEN 42416 THEN 1375
  WHEN 42455 THEN 1375
  WHEN 42456 THEN 1375
  WHEN 42458 THEN 1375
  WHEN 42461 THEN 1375
  WHEN 42462 THEN 1375
  WHEN 42464 THEN 1375
  WHEN 42465 THEN 1375
  WHEN 42466 THEN 1375
  WHEN 42467 THEN 1375
  WHEN 42470 THEN 1375
  WHEN 42473 THEN 1375
  WHEN 42734 THEN 1375
  WHEN 42735 THEN 1375
  WHEN 42739 THEN 1375
  WHEN 42740 THEN 1375
  WHEN 42741 THEN 1375
  WHEN 42743 THEN 1375
  WHEN 42752 THEN 1375
  WHEN 42753 THEN 1375
  WHEN 42898 THEN 1375
  WHEN 42900 THEN 1375
  WHEN 42907 THEN 1375
  WHEN 42908 THEN 1375
  WHEN 42909 THEN 1375
  WHEN 42910 THEN 1375
  WHEN 42912 THEN 1375
  WHEN 42955 THEN 1375
  WHEN 42956 THEN 1375
  WHEN 42960 THEN 1375
  WHEN 42961 THEN 1375
  WHEN 42962 THEN 1375
  WHEN 42964 THEN 1375
  WHEN 42966 THEN 1375
  WHEN 42970 THEN 1375
  WHEN 42972 THEN 1375
  WHEN 42973 THEN 1375
  WHEN 42974 THEN 1375
  WHEN 43316 THEN 550
  WHEN 43332 THEN 550
  WHEN 43335 THEN 550
  WHEN 43338 THEN 550
  WHEN 43339 THEN 550
  WHEN 43340 THEN 550
  WHEN 43342 THEN 550
  WHEN 43350 THEN 550
  WHEN 43354 THEN 550
  WHEN 43356 THEN 550
  WHEN 43359 THEN 550
  WHEN 43361 THEN 550
  WHEN 43364 THEN 550
  WHEN 43366 THEN 550
  WHEN 43367 THEN 550
  WHEN 43369 THEN 550
  WHEN 43371 THEN 550
  WHEN 43379 THEN 550
  WHEN 43389 THEN 550
  WHEN 43390 THEN 550
  WHEN 43395 THEN 550
  WHEN 43396 THEN 550
  WHEN 43397 THEN 550
  WHEN 43398 THEN 550
  WHEN 43399 THEN 550
  WHEN 43413 THEN 1375
  WHEN 43417 THEN 1375
  WHEN 43418 THEN 1375
  WHEN 43422 THEN 1375
  WHEN 43423 THEN 1375
  WHEN 43424 THEN 1375
  WHEN 43427 THEN 1375
  WHEN 43430 THEN 1375
  WHEN 43431 THEN 1375
  WHEN 43515 THEN 1375
  WHEN 43725 THEN 550
  WHEN 45628 THEN 862
  WHEN 45735 THEN 1375
  WHEN 45778 THEN 1375
  WHEN 45785 THEN 1375
  WHEN 50077 THEN 1375
  WHEN 50125 THEN 1375
END
WHERE entry IN (872, 935, 1116, 1131, 1156, 1449, 1483, 1484, 1937, 1974, 2042, 2059, 2167, 2314, 2807, 2879, 2911, 3066, 3194, 3202, 3647, 4373, 4381, 4406, 5183, 5187, 5192, 5196, 5197, 5198, 5201, 5243, 5323, 5423, 5425, 5426, 5443, 5444, 5613, 5614, 6191, 6332, 6335, 6341, 6383, 6447, 6448, 6449, 6629, 6632, 6667, 6668, 6678, 7284, 7285, 7334, 10653, 12054, 12645, 12975, 12976, 12977, 12979, 12983, 12984, 12988, 12992, 12996, 13136, 13245, 14145, 14149, 14150, 14151, 14374, 16608, 18471, 22268, 22980, 22982, 22984, 22990, 22995, 23118, 24027, 24028, 24031, 24035, 24037, 24047, 24048, 27640, 27777, 28303, 28463, 28468, 29201, 29584, 30804, 31861, 35315, 38816, 38820, 38825, 38826, 38828, 38830, 38833, 38835, 38837, 38838, 38844, 38846, 38847, 38848, 38849, 38851, 38852, 38856, 38857, 38868, 38869, 38874, 38875, 38877, 38889, 38931, 38932, 40897, 40899, 40912, 40913, 40914, 40922, 40923, 40924, 41092, 41095, 41096, 41108, 41526, 41530, 41531, 41532, 41534, 41536, 41537, 41540, 42397, 42398, 42402, 42406, 42408, 42410, 42411, 42416, 42455, 42456, 42458, 42461, 42462, 42464, 42465, 42466, 42467, 42470, 42473, 42734, 42735, 42739, 42740, 42741, 42743, 42752, 42753, 42898, 42900, 42907, 42908, 42909, 42910, 42912, 42955, 42956, 42960, 42961, 42962, 42964, 42966, 42970, 42972, 42973, 42974, 43316, 43332, 43335, 43338, 43339, 43340, 43342, 43350, 43354, 43356, 43359, 43361, 43364, 43366, 43367, 43369, 43371, 43379, 43389, 43390, 43395, 43396, 43397, 43398, 43399, 43413, 43417, 43418, 43422, 43423, 43424, 43427, 43430, 43431, 43515, 43725, 45628, 45735, 45778, 45785, 50077, 50125);

INSERT INTO npc_vendor (entry, slot, item, maxcount, incrtime, ExtendedCost, VerifiedBuild) VALUES
  (19534, 1, 872, 0, 0, 0, NULL),
  (19534, 2, 935, 0, 0, 0, NULL),
  (19534, 3, 1131, 0, 0, 0, NULL),
  (19534, 4, 1483, 0, 0, 0, NULL),
  (19534, 5, 1484, 0, 0, 0, NULL),
  (19534, 6, 1937, 0, 0, 0, NULL),
  (19534, 7, 2042, 0, 0, 0, NULL),
  (19534, 8, 2807, 0, 0, 0, NULL),
  (19534, 9, 2879, 0, 0, 0, NULL),
  (19534, 10, 3194, 0, 0, 0, NULL),
  (19534, 11, 5183, 0, 0, 0, NULL),
  (19534, 12, 5187, 0, 0, 0, NULL),
  (19534, 13, 5192, 0, 0, 0, NULL),
  (19534, 14, 5196, 0, 0, 0, NULL),
  (19534, 15, 5197, 0, 0, 0, NULL),
  (19534, 16, 5198, 0, 0, 0, NULL),
  (19534, 17, 5201, 0, 0, 0, NULL),
  (19534, 18, 5243, 0, 0, 0, NULL),
  (19534, 19, 5323, 0, 0, 0, NULL),
  (19534, 20, 5423, 0, 0, 0, NULL),
  (19534, 21, 5426, 0, 0, 0, NULL),
  (19534, 22, 5443, 0, 0, 0, NULL),
  (19534, 23, 5613, 0, 0, 0, NULL),
  (19534, 24, 5614, 0, 0, 0, NULL),
  (19534, 25, 6341, 0, 0, 0, NULL),
  (19534, 26, 6383, 0, 0, 0, NULL),
  (19534, 27, 6447, 0, 0, 0, NULL),
  (19534, 28, 6448, 0, 0, 0, NULL),
  (19534, 29, 12975, 0, 0, 0, NULL),
  (19534, 30, 12976, 0, 0, 0, NULL),
  (19534, 31, 12983, 0, 0, 0, NULL),
  (19534, 32, 12984, 0, 0, 0, NULL),
  (19534, 33, 12992, 0, 0, 0, NULL),
  (19534, 34, 13136, 0, 0, 0, NULL),
  (19534, 35, 13245, 0, 0, 0, NULL),
  (19534, 36, 14145, 0, 0, 0, NULL),
  (19534, 37, 14151, 0, 0, 0, NULL),
  (19534, 38, 22980, 0, 0, 0, NULL),
  (19534, 39, 22982, 0, 0, 0, NULL),
  (19534, 40, 22984, 0, 0, 0, NULL),
  (19534, 41, 22995, 0, 0, 0, NULL),
  (19534, 42, 27640, 0, 0, 0, NULL),
  (19534, 43, 29201, 0, 0, 0, NULL),
  (19534, 44, 29584, 0, 0, 0, NULL),
  (19534, 45, 43515, 0, 0, 0, NULL),
  (19536, 1, 40897, 0, 0, 0, NULL),
  (19536, 2, 40899, 0, 0, 0, NULL),
  (19536, 3, 40912, 0, 0, 0, NULL),
  (19536, 4, 40913, 0, 0, 0, NULL),
  (19536, 5, 40914, 0, 0, 0, NULL),
  (19536, 6, 40922, 0, 0, 0, NULL),
  (19536, 7, 40923, 0, 0, 0, NULL),
  (19536, 8, 40924, 0, 0, 0, NULL),
  (19536, 9, 41092, 0, 0, 0, NULL),
  (19536, 10, 41095, 0, 0, 0, NULL),
  (19536, 11, 41096, 0, 0, 0, NULL),
  (19536, 12, 41108, 0, 0, 0, NULL),
  (19536, 13, 41526, 0, 0, 0, NULL),
  (19536, 14, 41530, 0, 0, 0, NULL),
  (19536, 15, 41531, 0, 0, 0, NULL),
  (19536, 16, 41532, 0, 0, 0, NULL),
  (19536, 17, 41534, 0, 0, 0, NULL),
  (19536, 18, 41536, 0, 0, 0, NULL),
  (19536, 19, 41537, 0, 0, 0, NULL),
  (19536, 20, 41540, 0, 0, 0, NULL),
  (19536, 21, 42397, 0, 0, 0, NULL),
  (19536, 22, 42398, 0, 0, 0, NULL),
  (19536, 23, 42402, 0, 0, 0, NULL),
  (19536, 24, 42406, 0, 0, 0, NULL),
  (19536, 25, 42408, 0, 0, 0, NULL),
  (19536, 26, 42410, 0, 0, 0, NULL),
  (19536, 27, 42411, 0, 0, 0, NULL),
  (19536, 28, 42416, 0, 0, 0, NULL),
  (19536, 29, 42455, 0, 0, 0, NULL),
  (19536, 30, 42456, 0, 0, 0, NULL),
  (19536, 31, 42458, 0, 0, 0, NULL),
  (19536, 32, 42461, 0, 0, 0, NULL),
  (19536, 33, 42462, 0, 0, 0, NULL),
  (19536, 34, 42464, 0, 0, 0, NULL),
  (19536, 35, 42465, 0, 0, 0, NULL),
  (19536, 36, 42466, 0, 0, 0, NULL),
  (19536, 37, 42467, 0, 0, 0, NULL),
  (19536, 38, 42470, 0, 0, 0, NULL),
  (19536, 39, 42473, 0, 0, 0, NULL),
  (19536, 40, 42734, 0, 0, 0, NULL),
  (19536, 41, 42735, 0, 0, 0, NULL),
  (19536, 42, 42739, 0, 0, 0, NULL),
  (19536, 43, 42740, 0, 0, 0, NULL),
  (19536, 44, 42741, 0, 0, 0, NULL),
  (19536, 45, 42743, 0, 0, 0, NULL),
  (19536, 46, 42752, 0, 0, 0, NULL),
  (19536, 47, 42753, 0, 0, 0, NULL),
  (19536, 48, 42898, 0, 0, 0, NULL),
  (19536, 49, 42900, 0, 0, 0, NULL),
  (19536, 50, 42907, 0, 0, 0, NULL),
  (19536, 51, 42908, 0, 0, 0, NULL),
  (19536, 52, 42909, 0, 0, 0, NULL),
  (19536, 53, 42910, 0, 0, 0, NULL),
  (19536, 54, 42912, 0, 0, 0, NULL),
  (19536, 55, 42955, 0, 0, 0, NULL),
  (19536, 56, 42956, 0, 0, 0, NULL),
  (19536, 57, 42960, 0, 0, 0, NULL),
  (19536, 58, 42961, 0, 0, 0, NULL),
  (19536, 59, 42962, 0, 0, 0, NULL),
  (19536, 60, 42964, 0, 0, 0, NULL),
  (19536, 61, 42966, 0, 0, 0, NULL),
  (19536, 62, 42970, 0, 0, 0, NULL),
  (19536, 63, 42972, 0, 0, 0, NULL),
  (19536, 64, 42973, 0, 0, 0, NULL),
  (19536, 65, 42974, 0, 0, 0, NULL),
  (19536, 66, 43316, 0, 0, 0, NULL),
  (19536, 67, 43332, 0, 0, 0, NULL),
  (19536, 68, 43335, 0, 0, 0, NULL),
  (19536, 69, 43338, 0, 0, 0, NULL),
  (19536, 70, 43339, 0, 0, 0, NULL),
  (19536, 71, 43340, 0, 0, 0, NULL),
  (19536, 72, 43342, 0, 0, 0, NULL),
  (19536, 73, 43350, 0, 0, 0, NULL),
  (19536, 74, 43354, 0, 0, 0, NULL),
  (19536, 75, 43356, 0, 0, 0, NULL),
  (19536, 76, 43359, 0, 0, 0, NULL),
  (19536, 77, 43361, 0, 0, 0, NULL),
  (19536, 78, 43364, 0, 0, 0, NULL),
  (19536, 79, 43366, 0, 0, 0, NULL),
  (19536, 80, 43367, 0, 0, 0, NULL),
  (19536, 81, 43369, 0, 0, 0, NULL),
  (19536, 82, 43371, 0, 0, 0, NULL),
  (19536, 83, 43379, 0, 0, 0, NULL),
  (19536, 84, 43389, 0, 0, 0, NULL),
  (19536, 85, 43390, 0, 0, 0, NULL),
  (19536, 86, 43395, 0, 0, 0, NULL),
  (19536, 87, 43396, 0, 0, 0, NULL),
  (19536, 88, 43397, 0, 0, 0, NULL),
  (19536, 89, 43398, 0, 0, 0, NULL),
  (19536, 90, 43399, 0, 0, 0, NULL),
  (19536, 91, 43413, 0, 0, 0, NULL),
  (19536, 92, 43417, 0, 0, 0, NULL),
  (19536, 93, 43418, 0, 0, 0, NULL),
  (19536, 94, 43422, 0, 0, 0, NULL),
  (19536, 95, 43423, 0, 0, 0, NULL),
  (19536, 96, 43424, 0, 0, 0, NULL),
  (19536, 97, 43427, 0, 0, 0, NULL),
  (19536, 98, 43430, 0, 0, 0, NULL),
  (19536, 99, 43431, 0, 0, 0, NULL),
  (19536, 100, 43725, 0, 0, 0, NULL),
  (19536, 101, 45735, 0, 0, 0, NULL),
  (19536, 102, 45778, 0, 0, 0, NULL),
  (19536, 103, 45785, 0, 0, 0, NULL),
  (19536, 104, 50077, 0, 0, 0, NULL),
  (19536, 105, 50125, 0, 0, 0, NULL),
  (19537, 1, 4406, 0, 0, 0, NULL),
  (19537, 2, 12645, 0, 0, 0, NULL),
  (19537, 3, 38816, 0, 0, 0, NULL),
  (19537, 4, 38820, 0, 0, 0, NULL),
  (19537, 5, 38825, 0, 0, 0, NULL),
  (19537, 6, 38826, 0, 0, 0, NULL),
  (19537, 7, 38828, 0, 0, 0, NULL),
  (19537, 8, 38830, 0, 0, 0, NULL),
  (19537, 9, 38833, 0, 0, 0, NULL),
  (19537, 10, 38835, 0, 0, 0, NULL),
  (19537, 11, 38837, 0, 0, 0, NULL),
  (19537, 12, 38838, 0, 0, 0, NULL),
  (19537, 13, 38844, 0, 0, 0, NULL),
  (19537, 14, 38846, 0, 0, 0, NULL),
  (19537, 15, 38847, 0, 0, 0, NULL),
  (19537, 16, 38848, 0, 0, 0, NULL),
  (19537, 17, 38849, 0, 0, 0, NULL),
  (19537, 18, 38851, 0, 0, 0, NULL),
  (19537, 19, 38852, 0, 0, 0, NULL),
  (19537, 20, 38856, 0, 0, 0, NULL),
  (19537, 21, 38857, 0, 0, 0, NULL),
  (19537, 22, 38868, 0, 0, 0, NULL),
  (19537, 23, 38869, 0, 0, 0, NULL),
  (19537, 24, 38874, 0, 0, 0, NULL),
  (19537, 25, 38875, 0, 0, 0, NULL),
  (19537, 26, 38877, 0, 0, 0, NULL),
  (19537, 27, 38889, 0, 0, 0, NULL),
  (19537, 28, 38931, 0, 0, 0, NULL),
  (19537, 29, 38932, 0, 0, 0, NULL),
  (19537, 30, 45628, 0, 0, 0, NULL),
  (19538, 1, 23118, 0, 0, 0, NULL),
  (19538, 2, 24027, 0, 0, 0, NULL),
  (19538, 3, 24028, 0, 0, 0, NULL),
  (19538, 4, 24031, 0, 0, 0, NULL),
  (19538, 5, 24035, 0, 0, 0, NULL),
  (19538, 6, 24037, 0, 0, 0, NULL),
  (19538, 7, 24047, 0, 0, 0, NULL),
  (19538, 8, 24048, 0, 0, 0, NULL),
  (19538, 9, 27777, 0, 0, 0, NULL),
  (19538, 10, 28463, 0, 0, 0, NULL),
  (19538, 11, 28468, 0, 0, 0, NULL),
  (19538, 12, 31861, 0, 0, 0, NULL),
  (19538, 13, 35315, 0, 0, 0, NULL),
  (19539, 1, 24033, 0, 0, 747, NULL),
  (19539, 2, 32196, 0, 0, 747, NULL),
  (19539, 3, 39900, 0, 0, 747, NULL),
  (19539, 4, 39905, 0, 0, 747, NULL),
  (19539, 5, 39906, 0, 0, 747, NULL),
  (19539, 6, 39912, 0, 0, 747, NULL),
  (19539, 7, 39914, 0, 0, 747, NULL),
  (19539, 8, 39915, 0, 0, 747, NULL),
  (19539, 9, 39918, 0, 0, 747, NULL),
  (19539, 10, 39920, 0, 0, 747, NULL),
  (19539, 11, 39927, 0, 0, 747, NULL),
  (19540, 1, 23530, 0, 0, 491, NULL),
  (19540, 2, 38839, 0, 0, 491, NULL),
  (19540, 3, 38853, 0, 0, 1062, NULL),
  (19540, 4, 38854, 0, 0, 1062, NULL),
  (19540, 5, 38855, 0, 0, 1062, NULL),
  (19540, 6, 38858, 0, 0, 837, NULL),
  (19540, 7, 38859, 0, 0, 837, NULL),
  (19540, 8, 38860, 0, 0, 491, NULL),
  (19540, 9, 38861, 0, 0, 491, NULL),
  (19540, 10, 38862, 0, 0, 837, NULL),
  (19540, 11, 38863, 0, 0, 837, NULL),
  (19540, 12, 38865, 0, 0, 491, NULL),
  (19540, 13, 38866, 0, 0, 491, NULL),
  (19540, 14, 38870, 0, 0, 1062, NULL),
  (19540, 15, 38871, 0, 0, 747, NULL),
  (19540, 16, 38873, 0, 0, 2261, NULL),
  (19540, 17, 38879, 0, 0, 747, NULL),
  (19540, 18, 38880, 0, 0, 747, NULL),
  (19540, 19, 38881, 0, 0, 1062, NULL),
  (19540, 20, 38882, 0, 0, 1062, NULL),
  (19540, 21, 38883, 0, 0, 747, NULL),
  (19540, 22, 38884, 0, 0, 747, NULL),
  (19540, 23, 38890, 0, 0, 1062, NULL),
  (19540, 24, 38893, 0, 0, 837, NULL),
  (19540, 25, 38896, 0, 0, 747, NULL),
  (19540, 26, 38921, 0, 0, 2261, NULL),
  (19540, 27, 38933, 0, 0, 1062, NULL),
  (19540, 28, 38934, 0, 0, 1062, NULL),
  (19540, 29, 38936, 0, 0, 1062, NULL),
  (19540, 30, 38946, 0, 0, 2261, NULL),
  (19540, 31, 44115, 0, 0, 1909, NULL),
  (20066, 1, 2933, 0, 0, 1911, NULL),
  (20066, 2, 6414, 0, 0, 1911, NULL),
  (20066, 3, 20426, 0, 0, 491, NULL),
  (20066, 4, 20427, 0, 0, 837, NULL),
  (20066, 5, 20428, 0, 0, 837, NULL),
  (20066, 6, 20429, 0, 0, 491, NULL),
  (20066, 7, 20431, 0, 0, 491, NULL),
  (20066, 8, 20439, 0, 0, 491, NULL),
  (20066, 9, 20442, 0, 0, 1062, NULL),
  (20066, 10, 20444, 0, 0, 1062, NULL),
  (20066, 11, 21933, 0, 0, 1062, NULL),
  (20066, 12, 24551, 0, 0, 2261, NULL),
  (20066, 13, 25829, 0, 0, 2261, NULL),
  (20066, 14, 45626, 0, 0, 747, NULL),
  (20205, 1, 42949, 0, 0, 2342, NULL),
  (20205, 2, 42950, 0, 0, 2342, NULL),
  (20205, 3, 42951, 0, 0, 2342, NULL),
  (20205, 4, 42952, 0, 0, 2342, NULL),
  (20205, 5, 42984, 0, 0, 2342, NULL),
  (20205, 6, 42985, 0, 0, 2342, NULL),
  (20205, 7, 44099, 0, 0, 2342, NULL),
  (20205, 8, 44100, 0, 0, 2342, NULL),
  (20205, 9, 44101, 0, 0, 2342, NULL),
  (20205, 10, 44102, 0, 0, 2342, NULL),
  (20205, 11, 44103, 0, 0, 2342, NULL),
  (20205, 12, 44105, 0, 0, 2342, NULL),
  (20205, 13, 44107, 0, 0, 2342, NULL),
  (20980, 1, 1116, 0, 0, 0, NULL),
  (20980, 2, 1156, 0, 0, 0, NULL),
  (20980, 3, 1449, 0, 0, 0, NULL),
  (20980, 4, 2059, 0, 0, 0, NULL),
  (20980, 5, 4381, 0, 0, 0, NULL),
  (20980, 6, 5444, 0, 0, 0, NULL),
  (20980, 7, 6332, 0, 0, 0, NULL),
  (20980, 8, 6449, 0, 0, 0, NULL),
  (20980, 9, 6629, 0, 0, 0, NULL),
  (20980, 10, 6632, 0, 0, 0, NULL),
  (20980, 11, 6667, 0, 0, 0, NULL),
  (20980, 12, 6678, 0, 0, 0, NULL),
  (20980, 13, 12054, 0, 0, 0, NULL),
  (20980, 14, 12979, 0, 0, 0, NULL),
  (20980, 15, 12996, 0, 0, 0, NULL),
  (20980, 16, 14149, 0, 0, 0, NULL),
  (20980, 17, 18471, 0, 0, 0, NULL),
  (20980, 18, 22268, 0, 0, 0, NULL),
  (20980, 19, 22990, 0, 0, 0, NULL),
  (20980, 20, 28303, 0, 0, 0, NULL),
  (20980, 21, 30804, 0, 0, 0, NULL),
  (20989, 1, 1974, 0, 0, 0, NULL),
  (20989, 2, 2167, 0, 0, 0, NULL),
  (20989, 3, 2314, 0, 0, 0, NULL),
  (20989, 4, 2911, 0, 0, 0, NULL),
  (20989, 5, 3066, 0, 0, 0, NULL),
  (20989, 6, 3202, 0, 0, 0, NULL),
  (20989, 7, 3647, 0, 0, 0, NULL),
  (20989, 8, 4373, 0, 0, 0, NULL),
  (20989, 9, 5425, 0, 0, 0, NULL),
  (20989, 10, 6191, 0, 0, 0, NULL),
  (20989, 11, 6335, 0, 0, 0, NULL),
  (20989, 12, 6668, 0, 0, 0, NULL),
  (20989, 13, 7284, 0, 0, 0, NULL),
  (20989, 14, 7285, 0, 0, 0, NULL),
  (20989, 15, 7334, 0, 0, 0, NULL),
  (20989, 16, 10653, 0, 0, 0, NULL),
  (20989, 17, 12977, 0, 0, 0, NULL),
  (20989, 18, 12988, 0, 0, 0, NULL),
  (20989, 19, 14150, 0, 0, 0, NULL),
  (20989, 20, 14374, 0, 0, 0, NULL),
  (20989, 21, 16608, 0, 0, 0, NULL),
  (35364, 1, 890, 0, 0, 747, NULL),
  (35364, 2, 1318, 0, 0, 837, NULL),
  (35364, 3, 1482, 0, 0, 2428, NULL),
  (35364, 4, 1935, 0, 0, 2261, NULL),
  (35364, 5, 2169, 0, 0, 491, NULL),
  (35364, 6, 2256, 0, 0, 491, NULL),
  (35364, 7, 2271, 0, 0, 2261, NULL),
  (35364, 8, 2567, 0, 0, 747, NULL),
  (35364, 9, 3415, 0, 0, 747, NULL),
  (35364, 10, 3761, 0, 0, 747, NULL),
  (35364, 11, 3822, 0, 0, 747, NULL),
  (35364, 12, 5191, 0, 0, 2261, NULL),
  (35364, 13, 5194, 0, 0, 1062, NULL),
  (35364, 14, 5815, 0, 0, 2428, NULL),
  (35364, 15, 6469, 0, 0, 2428, NULL),
  (35364, 16, 6472, 0, 0, 2261, NULL),
  (35364, 17, 6504, 0, 0, 747, NULL),
  (35364, 18, 6505, 0, 0, 1062, NULL),
  (35364, 19, 6633, 0, 0, 747, NULL),
  (35364, 20, 7001, 0, 0, 747, NULL),
  (35364, 21, 7002, 0, 0, 747, NULL),
  (35364, 22, 7230, 0, 0, 1062, NULL),
  (35364, 23, 12990, 0, 0, 1062, NULL),
  (35364, 24, 12997, 0, 0, 1062, NULL),
  (35364, 25, 16768, 0, 0, 2428, NULL),
  (35364, 26, 17046, 0, 0, 491, NULL),
  (35364, 27, 20425, 0, 0, 837, NULL),
  (35364, 28, 20430, 0, 0, 837, NULL),
  (35364, 29, 20434, 0, 0, 837, NULL),
  (35364, 30, 20437, 0, 0, 837, NULL),
  (35364, 31, 20438, 0, 0, 837, NULL),
  (35364, 32, 20440, 0, 0, 837, NULL),
  (35364, 33, 20441, 0, 0, 837, NULL),
  (35364, 34, 20443, 0, 0, 837, NULL),
  (35365, 1, 1121, 0, 0, 747, NULL),
  (35365, 2, 1486, 0, 0, 2261, NULL),
  (35365, 3, 2041, 0, 0, 747, NULL),
  (35365, 4, 2231, 0, 0, 2428, NULL),
  (35365, 5, 3324, 0, 0, 1062, NULL),
  (35365, 6, 4315, 0, 0, 747, NULL),
  (35365, 7, 4320, 0, 0, 747, NULL),
  (35365, 8, 4385, 0, 0, 1062, NULL),
  (35365, 9, 4534, 0, 0, 747, NULL),
  (35365, 10, 5195, 0, 0, 747, NULL),
  (35365, 11, 5199, 0, 0, 1062, NULL),
  (35365, 12, 5202, 0, 0, 491, NULL),
  (35365, 13, 5254, 0, 0, 1062, NULL),
  (35365, 14, 5404, 0, 0, 1062, NULL),
  (35365, 15, 5970, 0, 0, 1062, NULL),
  (35365, 16, 6087, 0, 0, 747, NULL),
  (35365, 17, 6226, 0, 0, 491, NULL),
  (35365, 18, 6282, 0, 0, 491, NULL),
  (35365, 19, 6319, 0, 0, 2261, NULL),
  (35365, 20, 6459, 0, 0, 1062, NULL),
  (35365, 21, 6460, 0, 0, 1062, NULL),
  (35365, 22, 6465, 0, 0, 1062, NULL),
  (35365, 23, 6468, 0, 0, 747, NULL),
  (35365, 24, 6473, 0, 0, 2261, NULL),
  (35365, 25, 7003, 0, 0, 837, NULL),
  (35365, 26, 10043, 0, 0, 1062, NULL),
  (35365, 27, 10399, 0, 0, 2428, NULL),
  (35365, 28, 10403, 0, 0, 1062, NULL),
  (35365, 29, 10410, 0, 0, 747, NULL),
  (35365, 30, 10411, 0, 0, 747, NULL),
  (35365, 31, 10412, 0, 0, 837, NULL),
  (35365, 32, 10413, 0, 0, 747, NULL),
  (35365, 33, 10654, 0, 0, 747, NULL),
  (35365, 34, 10657, 0, 0, 1062, NULL),
  (35365, 35, 12982, 0, 0, 747, NULL),
  (35365, 36, 12987, 0, 0, 2261, NULL),
  (35365, 37, 12994, 0, 0, 1062, NULL),
  (35365, 38, 14147, 0, 0, 1062, NULL),
  (35365, 39, 14148, 0, 0, 1062, NULL),
  (35365, 40, 16987, 0, 0, 491, NULL),
  (35365, 41, 19969, 0, 0, 2261, NULL),
  (35365, 42, 19972, 0, 0, 2559, NULL);

DELETE FROM item_loot_template WHERE Entry = 51999;

UPDATE item_template
SET MinMoneyLoot = 5000,
    MaxMoneyLoot = 7500
WHERE entry = 51999;

INSERT INTO item_loot_template (Entry, Item, Reference, Chance, QuestRequired, LootMode, GroupId, MinCount, MaxCount, Comment) VALUES
  (51999, 10071, 10071, 100, 0, 1, 0, 1, 1, 'Satchel of Helpful Goods - Class 5'),
  (51999, 10073, 10073, 100, 0, 1, 0, 1, 1, 'Satchel of Helpful Goods - Class 7'),
  (51999, 10074, 10074, 100, 0, 1, 0, 1, 1, 'Satchel of Helpful Goods - Class 8'),
  (51999, 10075, 10075, 100, 0, 1, 0, 1, 1, 'Satchel of Helpful Goods - Class 9'),
  (51999, 10077, 10077, 100, 0, 1, 0, 1, 1, 'Satchel of Helpful Goods - Class 11'),
  (51999, 10067, 10067, 100, 0, 1, 0, 1, 1, 'Satchel of Helpful Goods - Class 1'),
  (51999, 10068, 10068, 100, 0, 1, 0, 1, 1, 'Satchel of Helpful Goods - Class 2'),
  (51999, 10069, 10069, 100, 0, 1, 0, 1, 1, 'Satchel of Helpful Goods - Class 3'),
  (51999, 10070, 10070, 100, 0, 1, 0, 1, 1, 'Satchel of Helpful Goods - Class 4'),
  (51999, 10065, 10065, 100, 0, 1, 0, 1, 1, 'Satchel of Helpful Goods - (ReferenceTable)');

DELETE FROM reference_loot_template
WHERE Entry = 10066
   OR (Entry IN (10036, 10037, 10038, 10062, 10063, 10064, 10065, 10066, 10067, 10068, 10069, 10070, 10071, 10073, 10074, 10075, 10077)
       AND Item IN (3184, 6568, 6573, 6577, 6586, 6587, 9767, 9768, 9811, 15269, 15331, 15500, 15511, 15512, 31270, 51964, 51968, 51978, 51994, 5740, 6657));

INSERT INTO reference_loot_template (Entry, Item, Reference, Chance, QuestRequired, LootMode, GroupId, MinCount, MaxCount, Comment) VALUES
  (10071, 3184, 0, 0, 0, 1, 1, 1, 1, 'Hook Dagger'),
  (10073, 3184, 0, 0, 0, 1, 1, 1, 1, 'Hook Dagger'),
  (10074, 3184, 0, 0, 0, 1, 1, 1, 1, 'Hook Dagger'),
  (10075, 3184, 0, 0, 0, 1, 1, 1, 1, 'Hook Dagger'),
  (10077, 3184, 0, 0, 0, 1, 1, 1, 1, 'Hook Dagger'),
  (10071, 6568, 0, 0, 0, 1, 1, 1, 1, 'Shimmering Trousers'),
  (10074, 6568, 0, 0, 0, 1, 1, 1, 1, 'Shimmering Trousers'),
  (10075, 6568, 0, 0, 0, 1, 1, 1, 1, 'Shimmering Trousers'),
  (10067, 6573, 0, 0, 0, 1, 1, 1, 1, 'Defender Boots'),
  (10068, 6573, 0, 0, 0, 1, 1, 1, 1, 'Defender Boots'),
  (10067, 6577, 0, 0, 0, 1, 1, 1, 1, 'Defender Gauntlets'),
  (10068, 6577, 0, 0, 0, 1, 1, 1, 1, 'Defender Gauntlets'),
  (10069, 6586, 0, 0, 0, 1, 1, 1, 1, 'Scouting Gloves'),
  (10070, 6586, 0, 0, 0, 1, 1, 1, 1, 'Scouting Gloves'),
  (10073, 6586, 0, 0, 0, 1, 1, 1, 1, 'Scouting Gloves'),
  (10077, 6586, 0, 0, 0, 1, 1, 1, 1, 'Scouting Gloves'),
  (10069, 6587, 0, 0, 0, 1, 1, 1, 1, 'Scouting Trousers'),
  (10070, 6587, 0, 0, 0, 1, 1, 1, 1, 'Scouting Trousers'),
  (10073, 6587, 0, 0, 0, 1, 1, 1, 1, 'Scouting Trousers'),
  (10077, 6587, 0, 0, 0, 1, 1, 1, 1, 'Scouting Trousers'),
  (10071, 9767, 0, 0, 0, 1, 1, 1, 1, 'Greenweave Sandals'),
  (10074, 9767, 0, 0, 0, 1, 1, 1, 1, 'Greenweave Sandals'),
  (10075, 9767, 0, 0, 0, 1, 1, 1, 1, 'Greenweave Sandals'),
  (10071, 9768, 0, 0, 0, 1, 1, 1, 1, 'Greenweave Bracers'),
  (10074, 9768, 0, 0, 0, 1, 1, 1, 1, 'Greenweave Bracers'),
  (10075, 9768, 0, 0, 0, 1, 1, 1, 1, 'Greenweave Bracers'),
  (10067, 9811, 0, 0, 0, 1, 1, 1, 1, 'Fortified Bracers'),
  (10068, 9811, 0, 0, 0, 1, 1, 1, 1, 'Fortified Bracers'),
  (10069, 15269, 0, 0, 0, 1, 1, 1, 1, 'Massive Battle Axe'),
  (10069, 15331, 0, 0, 0, 1, 1, 1, 1, 'Wrangler\'s Wristbands'),
  (10070, 15331, 0, 0, 0, 1, 1, 1, 1, 'Wrangler\'s Wristbands'),
  (10073, 15331, 0, 0, 0, 1, 1, 1, 1, 'Wrangler\'s Wristbands'),
  (10077, 15331, 0, 0, 0, 1, 1, 1, 1, 'Wrangler\'s Wristbands'),
  (10067, 15500, 0, 0, 0, 1, 1, 1, 1, 'Outrunner\'s Chestguard'),
  (10068, 15500, 0, 0, 0, 1, 1, 1, 1, 'Outrunner\'s Chestguard'),
  (10067, 15511, 0, 0, 0, 1, 1, 1, 1, 'Grunt\'s Legguards'),
  (10068, 15511, 0, 0, 0, 1, 1, 1, 1, 'Grunt\'s Legguards'),
  (10067, 15512, 0, 0, 0, 1, 1, 1, 1, 'Grunt\'s Shield'),
  (10068, 15512, 0, 0, 0, 1, 1, 1, 1, 'Grunt\'s Shield'),
  (10071, 31270, 0, 0, 0, 1, 1, 1, 1, 'Banshee Rod'),
  (10074, 31270, 0, 0, 0, 1, 1, 1, 1, 'Banshee Rod'),
  (10075, 31270, 0, 0, 0, 1, 1, 1, 1, 'Banshee Rod'),
  (10069, 51964, 0, 0, 0, 1, 1, 1, 1, 'Vigorous Belt'),
  (10070, 51964, 0, 0, 0, 1, 1, 1, 1, 'Vigorous Belt'),
  (10073, 51964, 0, 0, 0, 1, 1, 1, 1, 'Vigorous Belt'),
  (10077, 51964, 0, 0, 0, 1, 1, 1, 1, 'Vigorous Belt'),
  (10071, 51968, 0, 0, 0, 1, 1, 1, 1, 'Enumerated Wrap'),
  (10074, 51968, 0, 0, 0, 1, 1, 1, 1, 'Enumerated Wrap'),
  (10075, 51968, 0, 0, 0, 1, 1, 1, 1, 'Enumerated Wrap'),
  (10067, 51978, 0, 0, 0, 1, 1, 1, 1, 'Earthbound Girdle'),
  (10068, 51978, 0, 0, 0, 1, 1, 1, 1, 'Earthbound Girdle'),
  (10067, 51994, 0, 0, 0, 1, 1, 1, 1, 'Tumultuous Cloak'),
  (10068, 51994, 0, 0, 0, 1, 1, 1, 1, 'Tumultuous Cloak'),
  (10069, 51994, 0, 0, 0, 1, 1, 1, 1, 'Tumultuous Cloak'),
  (10070, 51994, 0, 0, 0, 1, 1, 1, 1, 'Tumultuous Cloak'),
  (10071, 51994, 0, 0, 0, 1, 1, 1, 1, 'Tumultuous Cloak'),
  (10073, 51994, 0, 0, 0, 1, 1, 1, 1, 'Tumultuous Cloak'),
  (10074, 51994, 0, 0, 0, 1, 1, 1, 1, 'Tumultuous Cloak'),
  (10075, 51994, 0, 0, 0, 1, 1, 1, 1, 'Tumultuous Cloak'),
  (10077, 51994, 0, 0, 0, 1, 1, 1, 1, 'Tumultuous Cloak'),
  (10065, 5740, 0, 0, 0, 1, 7, 1, 1, 'Red Fireworks Rocket'),
  (10065, 6657, 0, 0, 0, 1, 7, 1, 1, 'Savory Deviate Delight');

DELETE FROM conditions
WHERE SourceTypeOrReferenceId = 10
  AND (SourceGroup = 51999
    OR SourceGroup IN (10036, 10037, 10038, 10062, 10063, 10064, 10065, 10066, 10067, 10068, 10069, 10070, 10071, 10073, 10074, 10075, 10077))
  AND SourceEntry IN (3184, 6568, 6573, 6577, 6586, 6587, 9767, 9768, 9811, 15269, 15331, 15500, 15511, 15512, 31270, 51964, 51968, 51978, 51994, 5740, 6657);

INSERT INTO conditions (SourceTypeOrReferenceId, SourceGroup, SourceEntry, SourceId, ElseGroup, ConditionTypeOrReference, ConditionTarget, ConditionValue1, ConditionValue2, ConditionValue3, NegativeCondition, ErrorType, ErrorTextId, ScriptName, Comment) VALUES
  (10, 10071, 3184, 0, 0, 15, 0, 16, 0, 0, 0, 0, 0, '', 'Generated Satchel of Helpful Goods - Hook Dagger'),
  (10, 10073, 3184, 0, 0, 15, 0, 64, 0, 0, 0, 0, 0, '', 'Generated Satchel of Helpful Goods - Hook Dagger'),
  (10, 10074, 3184, 0, 0, 15, 0, 128, 0, 0, 0, 0, 0, '', 'Generated Satchel of Helpful Goods - Hook Dagger'),
  (10, 10075, 3184, 0, 0, 15, 0, 256, 0, 0, 0, 0, 0, '', 'Generated Satchel of Helpful Goods - Hook Dagger'),
  (10, 10077, 3184, 0, 0, 15, 0, 1024, 0, 0, 0, 0, 0, '', 'Generated Satchel of Helpful Goods - Hook Dagger'),
  (10, 10071, 6568, 0, 0, 15, 0, 16, 0, 0, 0, 0, 0, '', 'Generated Satchel of Helpful Goods - Shimmering Trousers'),
  (10, 10074, 6568, 0, 0, 15, 0, 128, 0, 0, 0, 0, 0, '', 'Generated Satchel of Helpful Goods - Shimmering Trousers'),
  (10, 10075, 6568, 0, 0, 15, 0, 256, 0, 0, 0, 0, 0, '', 'Generated Satchel of Helpful Goods - Shimmering Trousers'),
  (10, 10067, 6573, 0, 0, 15, 0, 1, 0, 0, 0, 0, 0, '', 'Generated Satchel of Helpful Goods - Defender Boots'),
  (10, 10068, 6573, 0, 0, 15, 0, 2, 0, 0, 0, 0, 0, '', 'Generated Satchel of Helpful Goods - Defender Boots'),
  (10, 10067, 6577, 0, 0, 15, 0, 1, 0, 0, 0, 0, 0, '', 'Generated Satchel of Helpful Goods - Defender Gauntlets'),
  (10, 10068, 6577, 0, 0, 15, 0, 2, 0, 0, 0, 0, 0, '', 'Generated Satchel of Helpful Goods - Defender Gauntlets'),
  (10, 10069, 6586, 0, 0, 15, 0, 4, 0, 0, 0, 0, 0, '', 'Generated Satchel of Helpful Goods - Scouting Gloves'),
  (10, 10070, 6586, 0, 0, 15, 0, 8, 0, 0, 0, 0, 0, '', 'Generated Satchel of Helpful Goods - Scouting Gloves'),
  (10, 10073, 6586, 0, 0, 15, 0, 64, 0, 0, 0, 0, 0, '', 'Generated Satchel of Helpful Goods - Scouting Gloves'),
  (10, 10077, 6586, 0, 0, 15, 0, 1024, 0, 0, 0, 0, 0, '', 'Generated Satchel of Helpful Goods - Scouting Gloves'),
  (10, 10069, 6587, 0, 0, 15, 0, 4, 0, 0, 0, 0, 0, '', 'Generated Satchel of Helpful Goods - Scouting Trousers'),
  (10, 10070, 6587, 0, 0, 15, 0, 8, 0, 0, 0, 0, 0, '', 'Generated Satchel of Helpful Goods - Scouting Trousers'),
  (10, 10073, 6587, 0, 0, 15, 0, 64, 0, 0, 0, 0, 0, '', 'Generated Satchel of Helpful Goods - Scouting Trousers'),
  (10, 10077, 6587, 0, 0, 15, 0, 1024, 0, 0, 0, 0, 0, '', 'Generated Satchel of Helpful Goods - Scouting Trousers'),
  (10, 10071, 9767, 0, 0, 15, 0, 16, 0, 0, 0, 0, 0, '', 'Generated Satchel of Helpful Goods - Greenweave Sandals'),
  (10, 10074, 9767, 0, 0, 15, 0, 128, 0, 0, 0, 0, 0, '', 'Generated Satchel of Helpful Goods - Greenweave Sandals'),
  (10, 10075, 9767, 0, 0, 15, 0, 256, 0, 0, 0, 0, 0, '', 'Generated Satchel of Helpful Goods - Greenweave Sandals'),
  (10, 10071, 9768, 0, 0, 15, 0, 16, 0, 0, 0, 0, 0, '', 'Generated Satchel of Helpful Goods - Greenweave Bracers'),
  (10, 10074, 9768, 0, 0, 15, 0, 128, 0, 0, 0, 0, 0, '', 'Generated Satchel of Helpful Goods - Greenweave Bracers'),
  (10, 10075, 9768, 0, 0, 15, 0, 256, 0, 0, 0, 0, 0, '', 'Generated Satchel of Helpful Goods - Greenweave Bracers'),
  (10, 10067, 9811, 0, 0, 15, 0, 1, 0, 0, 0, 0, 0, '', 'Generated Satchel of Helpful Goods - Fortified Bracers'),
  (10, 10068, 9811, 0, 0, 15, 0, 2, 0, 0, 0, 0, 0, '', 'Generated Satchel of Helpful Goods - Fortified Bracers'),
  (10, 10069, 15269, 0, 0, 15, 0, 4, 0, 0, 0, 0, 0, '', 'Generated Satchel of Helpful Goods - Massive Battle Axe'),
  (10, 10069, 15331, 0, 0, 15, 0, 4, 0, 0, 0, 0, 0, '', 'Generated Satchel of Helpful Goods - Wrangler\'s Wristbands'),
  (10, 10070, 15331, 0, 0, 15, 0, 8, 0, 0, 0, 0, 0, '', 'Generated Satchel of Helpful Goods - Wrangler\'s Wristbands'),
  (10, 10073, 15331, 0, 0, 15, 0, 64, 0, 0, 0, 0, 0, '', 'Generated Satchel of Helpful Goods - Wrangler\'s Wristbands'),
  (10, 10077, 15331, 0, 0, 15, 0, 1024, 0, 0, 0, 0, 0, '', 'Generated Satchel of Helpful Goods - Wrangler\'s Wristbands'),
  (10, 10067, 15500, 0, 0, 15, 0, 1, 0, 0, 0, 0, 0, '', 'Generated Satchel of Helpful Goods - Outrunner\'s Chestguard'),
  (10, 10068, 15500, 0, 0, 15, 0, 2, 0, 0, 0, 0, 0, '', 'Generated Satchel of Helpful Goods - Outrunner\'s Chestguard'),
  (10, 10067, 15511, 0, 0, 15, 0, 1, 0, 0, 0, 0, 0, '', 'Generated Satchel of Helpful Goods - Grunt\'s Legguards'),
  (10, 10068, 15511, 0, 0, 15, 0, 2, 0, 0, 0, 0, 0, '', 'Generated Satchel of Helpful Goods - Grunt\'s Legguards'),
  (10, 10067, 15512, 0, 0, 15, 0, 1, 0, 0, 0, 0, 0, '', 'Generated Satchel of Helpful Goods - Grunt\'s Shield'),
  (10, 10068, 15512, 0, 0, 15, 0, 2, 0, 0, 0, 0, 0, '', 'Generated Satchel of Helpful Goods - Grunt\'s Shield'),
  (10, 10071, 31270, 0, 0, 15, 0, 16, 0, 0, 0, 0, 0, '', 'Generated Satchel of Helpful Goods - Banshee Rod'),
  (10, 10074, 31270, 0, 0, 15, 0, 128, 0, 0, 0, 0, 0, '', 'Generated Satchel of Helpful Goods - Banshee Rod'),
  (10, 10075, 31270, 0, 0, 15, 0, 256, 0, 0, 0, 0, 0, '', 'Generated Satchel of Helpful Goods - Banshee Rod'),
  (10, 10069, 51964, 0, 0, 15, 0, 4, 0, 0, 0, 0, 0, '', 'Generated Satchel of Helpful Goods - Vigorous Belt'),
  (10, 10070, 51964, 0, 0, 15, 0, 8, 0, 0, 0, 0, 0, '', 'Generated Satchel of Helpful Goods - Vigorous Belt'),
  (10, 10073, 51964, 0, 0, 15, 0, 64, 0, 0, 0, 0, 0, '', 'Generated Satchel of Helpful Goods - Vigorous Belt'),
  (10, 10077, 51964, 0, 0, 15, 0, 1024, 0, 0, 0, 0, 0, '', 'Generated Satchel of Helpful Goods - Vigorous Belt'),
  (10, 10071, 51968, 0, 0, 15, 0, 16, 0, 0, 0, 0, 0, '', 'Generated Satchel of Helpful Goods - Enumerated Wrap'),
  (10, 10074, 51968, 0, 0, 15, 0, 128, 0, 0, 0, 0, 0, '', 'Generated Satchel of Helpful Goods - Enumerated Wrap'),
  (10, 10075, 51968, 0, 0, 15, 0, 256, 0, 0, 0, 0, 0, '', 'Generated Satchel of Helpful Goods - Enumerated Wrap'),
  (10, 10067, 51978, 0, 0, 15, 0, 1, 0, 0, 0, 0, 0, '', 'Generated Satchel of Helpful Goods - Earthbound Girdle'),
  (10, 10068, 51978, 0, 0, 15, 0, 2, 0, 0, 0, 0, 0, '', 'Generated Satchel of Helpful Goods - Earthbound Girdle'),
  (10, 10067, 51994, 0, 0, 15, 0, 1, 0, 0, 0, 0, 0, '', 'Generated Satchel of Helpful Goods - Tumultuous Cloak'),
  (10, 10068, 51994, 0, 0, 15, 0, 2, 0, 0, 0, 0, 0, '', 'Generated Satchel of Helpful Goods - Tumultuous Cloak'),
  (10, 10069, 51994, 0, 0, 15, 0, 4, 0, 0, 0, 0, 0, '', 'Generated Satchel of Helpful Goods - Tumultuous Cloak'),
  (10, 10070, 51994, 0, 0, 15, 0, 8, 0, 0, 0, 0, 0, '', 'Generated Satchel of Helpful Goods - Tumultuous Cloak'),
  (10, 10071, 51994, 0, 0, 15, 0, 16, 0, 0, 0, 0, 0, '', 'Generated Satchel of Helpful Goods - Tumultuous Cloak'),
  (10, 10073, 51994, 0, 0, 15, 0, 64, 0, 0, 0, 0, 0, '', 'Generated Satchel of Helpful Goods - Tumultuous Cloak'),
  (10, 10074, 51994, 0, 0, 15, 0, 128, 0, 0, 0, 0, 0, '', 'Generated Satchel of Helpful Goods - Tumultuous Cloak'),
  (10, 10075, 51994, 0, 0, 15, 0, 256, 0, 0, 0, 0, 0, '', 'Generated Satchel of Helpful Goods - Tumultuous Cloak'),
  (10, 10077, 51994, 0, 0, 15, 0, 1024, 0, 0, 0, 0, 0, '', 'Generated Satchel of Helpful Goods - Tumultuous Cloak');

INSERT INTO quest_template (ID, QuestType, QuestLevel, MinLevel, QuestSortID, QuestInfoID, SuggestedGroupNum, RequiredFactionId1, RequiredFactionId2, RequiredFactionValue1, RequiredFactionValue2, RewardNextQuest, RewardXPDifficulty, RewardMoney, RewardMoneyDifficulty, RewardDisplaySpell, RewardSpell, RewardHonor, RewardKillHonor, StartItem, Flags, RequiredPlayerKills, RewardItem1, RewardAmount1, RewardItem2, RewardAmount2, RewardItem3, RewardAmount3, RewardItem4, RewardAmount4, ItemDrop1, ItemDropQuantity1, ItemDrop2, ItemDropQuantity2, ItemDrop3, ItemDropQuantity3, ItemDrop4, ItemDropQuantity4, RewardChoiceItemID1, RewardChoiceItemQuantity1, RewardChoiceItemID2, RewardChoiceItemQuantity2, RewardChoiceItemID3, RewardChoiceItemQuantity3, RewardChoiceItemID4, RewardChoiceItemQuantity4, RewardChoiceItemID5, RewardChoiceItemQuantity5, RewardChoiceItemID6, RewardChoiceItemQuantity6, POIContinent, POIx, POIy, POIPriority, RewardTitle, RewardTalents, RewardArenaPoints, RewardFactionID1, RewardFactionValue1, RewardFactionOverride1, RewardFactionID2, RewardFactionValue2, RewardFactionOverride2, RewardFactionID3, RewardFactionValue3, RewardFactionOverride3, RewardFactionID4, RewardFactionValue4, RewardFactionOverride4, RewardFactionID5, RewardFactionValue5, RewardFactionOverride5, TimeAllowed, AllowableRaces, LogTitle, LogDescription, QuestDescription, AreaDescription, QuestCompletionLog, RequiredNpcOrGo1, RequiredNpcOrGo2, RequiredNpcOrGo3, RequiredNpcOrGo4, RequiredNpcOrGoCount1, RequiredNpcOrGoCount2, RequiredNpcOrGoCount3, RequiredNpcOrGoCount4, RequiredItemId1, RequiredItemId2, RequiredItemId3, RequiredItemId4, RequiredItemId5, RequiredItemId6, RequiredItemCount1, RequiredItemCount2, RequiredItemCount3, RequiredItemCount4, RequiredItemCount5, RequiredItemCount6, Unknown0, ObjectiveText1, ObjectiveText2, ObjectiveText3, ObjectiveText4, VerifiedBuild) VALUES
  (777000, 2, 19, 19, 3738, 0, 0, 0, 0, 0, 0, 777001, 0, 0, 0, 0, 0, 0, 0, 0, 589824, 0, 21153, 1, 0, 0, 0, 0, 0, 0, 0, 0, 0, 0, 0, 0, 0, 0, 0, 0, 0, 0, 0, 0, 0, 0, 0, 0, 0, 0, 530, 4113, 3066, 1, 0, 0, 0, 0, 0, 0, 0, 0, 0, 0, 0, 0, 0, 0, 0, 0, 0, 0, 0, 0, 'Welcome to the Stormspire', '', '', '', '', 0, 0, 0, 0, 0, 0, 0, 0, 0, 0, 0, 0, 0, 0, 0, 0, 0, 0, 0, 0, 0, '', '', '', '', 0),
  (777001, 2, 19, 19, 3738, 0, 0, 0, 0, 0, 0, 777002, 0, 0, 0, 55500, 36937, 0, 0, 0, 0, 0, 14530, 1, 0, 0, 0, 0, 0, 0, 0, 0, 0, 0, 0, 0, 0, 0, 0, 0, 0, 0, 0, 0, 0, 0, 0, 0, 0, 0, 530, 4095, 3024, 1, 0, 0, 0, 0, 0, 0, 0, 0, 0, 0, 0, 0, 0, 0, 0, 0, 0, 0, 0, 0, 'Stayin\' alive', 'Speak with Zarevhi, the arcane healer and learn it\'s techniques.', 'Food won\'t keep you alive when you\'re bleeding out. Find the healer here in the Stormspire. They\'ll show you how to patch up your own leaks so you aren\'t constantly running back from the graveyard.', 'Find the arcane healer inside the Stormspire.', 'Find the arcane healer inside the Stormspire.', 0, 0, 0, 0, 0, 0, 0, 0, 0, 0, 0, 0, 0, 0, 0, 0, 0, 0, 0, 0, 0, 'Find the arcane healer inside the Stormspire.', '', '', '', 0),
  (777002, 2, 19, 19, 3738, 0, 0, 0, 0, 0, 0, 777003, 0, 0, 0, 0, 0, 0, 0, 0, 0, 0, 28463, 1, 28468, 1, 0, 0, 0, 0, 0, 0, 0, 0, 0, 0, 0, 0, 0, 0, 0, 0, 0, 0, 0, 0, 0, 0, 0, 0, 530, 4202, 2999, 1, 0, 0, 0, 0, 0, 0, 0, 0, 0, 0, 0, 0, 0, 0, 0, 0, 0, 0, 0, 0, 'Gems for the Drip', 'Speak with Dealer Senzik to get your shiny gems.', 'Forget grinding dusty old librams and arcanums to pimp out your hats and legs. Instead, our top engineers cooked up special custom gems made specifically for your head and leg slots. You get the same insane stat boosts, but with way more variety to min-max your build! Go find Dealer Senzik the gem merchant right now and get shiny!', 'Find the gem merchant inside the Stormspire.', 'Find the gem merchant inside the Stormspire.', 0, 0, 0, 0, 0, 0, 0, 0, 0, 0, 0, 0, 0, 0, 0, 0, 0, 0, 0, 0, 0, 'Find the gem merchant inside the Stormspire.', '', '', '', 0),
  (777003, 2, 19, 19, 3738, 0, 0, 0, 0, 0, 0, 777004, 0, 0, 0, 0, 0, 0, 0, 0, 0, 0, 0, 0, 0, 0, 0, 0, 0, 0, 0, 0, 0, 0, 0, 0, 0, 0, 0, 0, 0, 0, 0, 0, 0, 0, 0, 0, 0, 0, 530, 4190, 3024, 1, 0, 0, 0, 0, 0, 0, 0, 0, 0, 0, 0, 0, 0, 0, 0, 0, 0, 0, 0, 0, 'An enchanting encounter', 'Have you found Dealer Malij yet? The secrets of enchanting won\'t reveal themselves on their own. Seek them out and take your first step toward imbuing your equipment with extraordinary power.', 'Ah, a fresh face! Every seasoned adventurer eventually learns that steel alone won\'t carry them through the dangers ahead. The right enchantment can turn an ordinary weapon into a legendary one, or grant armor the resilience needed to survive impossible odds.

If you\'re ready to unlock that power, seek out Dealer Malij. Few understand the art of enchanting as well as they do, and they\'re always willing to share their knowledge with those eager to learn.

Find Dealer Malij and introduce yourself. Your journey into the world of enchanting begins there.', 'Find the enchant merchant inside the Stormspire.', 'Find the enchant merchant inside the Stormspire.', 0, 0, 0, 0, 0, 0, 0, 0, 0, 0, 0, 0, 0, 0, 0, 0, 0, 0, 0, 0, 0, 'Find the enchant merchant inside the Stormspire.', '', '', '', 0),
  (777004, 2, 19, 19, 3738, 0, 0, 0, 0, 0, 0, 777005, 0, 0, 0, 0, 0, 0, 0, 0, 0, 0, 0, 0, 0, 0, 0, 0, 0, 0, 0, 0, 0, 0, 0, 0, 0, 0, 13966, 1, 18468, 1, 0, 0, 0, 0, 0, 0, 0, 0, 530, 4145, 3057, 1, 0, 0, 0, 0, 0, 0, 0, 0, 0, 0, 0, 0, 0, 0, 0, 0, 0, 0, 0, 0, 'Prepared for battle', 'Have you spoken with Dealer Rashaad yet? Take a look through their selection of accessories. The right ring, necklace, or trinket can provide the edge needed to overcome even the fiercest of enemies.', 'A true adventurer knows that weapons and armor are only part of what it takes to survive. Powerful rings, necklaces, enchanted cloaks, and mystical trinkets can grant incredible strength, resilience, and magical abilities that may turn the tide of any battle.

Before venturing any farther, seek out Dealer Rashaad, our trusted Accessory Merchant. Their collection of rings, necklaces, cloaks, and trinkets may hold exactly what you need to prepare for the challenges ahead.', 'Find the accessory merchant inside the Stormspire.', 'Find the accessory merchant inside the Stormspire.', 0, 0, 0, 0, 0, 0, 0, 0, 0, 0, 0, 0, 0, 0, 0, 0, 0, 0, 0, 0, 0, 'Find the accessory merchant inside the Stormspire.', '', '', '', 0),
  (777005, 2, 19, 19, 3738, 0, 0, 0, 0, 0, 0, 777006, 0, 0, 0, 0, 0, 0, 0, 0, 0, 0, 18706, 1, 0, 0, 0, 0, 0, 0, 0, 0, 0, 0, 0, 0, 0, 0, 0, 0, 0, 0, 0, 0, 0, 0, 0, 0, 0, 0, 530, 4090, 2989, 1, 0, 0, 0, 0, 0, 0, 0, 0, 0, 0, 0, 0, 0, 0, 0, 0, 0, 0, 0, 0, 'Glad to meet you', 'Have you found Audi the Needle yet?

She isn\'t difficult to recognize. Even in retirement, she carries herself like a seasoned fighter—calm, focused, and always watching.

Seek her out within the Stormpike and make your introduction. Your journey as a true warrior is only beginning.', 'Every champion has a story, and every story begins with a single lesson.

If you\'re looking to sharpen your skills, there\'s no better teacher than Audi the Needle, a former Gladiator whose speed and precision earned her a legendary reputation in the arena. Though she has long since retired from competition, many still seek her wisdom.

You\'ll find Audi somewhere inside the Stormpike. Speak with her and introduce yourself. Listen well—those who survive the arena are rarely eager to waste words.

Go now, and let her know I sent you.', 'Find former gladiator Audi the Needle inside the Stormspire.', 'Find former gladiator Audi the Needle inside the Stormspire.', 0, 0, 0, 0, 0, 0, 0, 0, 0, 0, 0, 0, 0, 0, 0, 0, 0, 0, 0, 0, 0, 'Find former gladiator Audi the Needle inside the Stormspire.', '', '', '', 0),
  (777006, 2, 19, 19, 3738, 0, 0, 0, 0, 0, 0, 0, 0, 0, 0, 0, 0, 1750, 0, 0, 0, 0, 0, 0, 0, 0, 0, 0, 0, 0, 0, 0, 0, 0, 0, 0, 0, 0, 0, 0, 0, 0, 0, 0, 0, 0, 0, 0, 0, 0, 530, 4120, 2926, 1, 0, 0, 0, 0, 0, 0, 0, 0, 0, 0, 0, 0, 0, 0, 0, 0, 0, 0, 0, 0, 'Just queue Warsong Gluch already!', 'Still standing here?

Warsong Gulch isn\'t going to queue itself. Every moment you hesitate is another opportunity for the enemy to claim victory.

Join the queue, and show everyone that you\'re more than just another bystander.', 'You\'ve sharpened your blade, polished your armor, and spent enough time wandering the camp. The battlefield won\'t wait forever.

If you seek glory, honor, and a worthy challenge, it\'s time to enter Warsong Gulch. There, the Horde and Alliance clash in an endless struggle to capture one another\'s flag, testing both courage and teamwork.

Speak with "Image of Nexus-Prince Haramad" and enlist. The sooner you queue, the sooner you\'ll be fighting for victory.', 'Find the "Image of Nexus-Prince Haramad" inside the Stormspire.', 'Find the "Image of Nexus-Prince Haramad" inside the Stormspire.', 0, 0, 0, 0, 0, 0, 0, 0, 29434, 0, 0, 0, 0, 0, 1, 0, 0, 0, 0, 0, 0, 'Find the "Image of Nexus-Prince Haramad" inside the Stormspire.', '', '', '', 0),
  (777009, 2, 19, 19, 3738, 0, 0, 0, 0, 0, 0, 0, 0, 0, 0, 0, 0, 0, 0, 0, 589824, 0, 13209, 1, 0, 0, 0, 0, 0, 0, 0, 0, 0, 0, 0, 0, 0, 0, 0, 0, 0, 0, 0, 0, 0, 0, 0, 0, 0, 0, 530, 4090, 2989, 1, 0, 0, 0, 0, 0, 0, 0, 0, 0, 0, 0, 0, 0, 0, 0, 0, 0, 0, 0, 0, 'Arena Contender', '', '', '', '', 0, 0, 0, 0, 0, 0, 0, 0, 18706, 40752, 0, 0, 0, 0, 1, 30, 0, 0, 0, 0, 0, '', '', '', '', 0),
  (777010, 2, 19, 19, 3738, 0, 0, 0, 0, 0, 0, 0, 0, 0, 0, 0, 0, 0, 0, 0, 589824, 0, 8663, 1, 0, 0, 0, 0, 0, 0, 0, 0, 0, 0, 0, 0, 0, 0, 0, 0, 0, 0, 0, 0, 0, 0, 0, 0, 0, 0, 530, 4090, 2989, 1, 0, 0, 0, 0, 0, 0, 0, 0, 0, 0, 0, 0, 0, 0, 0, 0, 0, 0, 0, 0, 'Arena Master', '', '', '', '', 0, 0, 0, 0, 0, 0, 0, 0, 13209, 40752, 0, 0, 0, 0, 1, 60, 0, 0, 0, 0, 0, '', '', '', '', 0),
  (777011, 2, 19, 19, 3738, 0, 0, 0, 0, 0, 0, 0, 0, 0, 0, 0, 0, 0, 0, 0, 589824, 0, 19024, 1, 0, 0, 0, 0, 0, 0, 0, 0, 0, 0, 0, 0, 0, 0, 0, 0, 0, 0, 0, 0, 0, 0, 0, 0, 0, 0, 530, 4090, 2989, 1, 0, 0, 0, 0, 0, 0, 0, 0, 0, 0, 0, 0, 0, 0, 0, 0, 0, 0, 0, 0, 'Arena Grand Master', '', '', '', '', 0, 0, 0, 0, 0, 0, 0, 0, 8663, 40752, 0, 0, 0, 0, 1, 120, 0, 0, 0, 0, 0, '', '', '', '', 0),
  (777014, 2, 19, 19, 3738, 0, 0, 0, 0, 0, 0, 0, 0, 0, 0, 0, 0, 5000, 0, 0, 593920, 0, 0, 0, 0, 0, 0, 0, 0, 0, 0, 0, 0, 0, 0, 0, 0, 0, 0, 0, 0, 0, 0, 0, 0, 0, 0, 0, 0, 0, 530, 4120, 2926, 1, 0, 0, 0, 0, 0, 0, 0, 0, 0, 0, 0, 0, 0, 0, 0, 0, 0, 0, 0, 0, 'Trial of Justice', '', '', '', '', 0, 0, 0, 0, 0, 0, 0, 0, 29434, 0, 0, 0, 0, 0, 10, 0, 0, 0, 0, 0, 0, '', '', '', '', 0),
  (777015, 2, 19, 19, 3738, 0, 0, 0, 0, 0, 0, 0, 0, 0, 0, 0, 0, 0, 0, 0, 593920, 0, 0, 0, 0, 0, 0, 0, 0, 0, 0, 0, 0, 0, 0, 0, 0, 0, 0, 0, 0, 0, 0, 0, 0, 0, 0, 0, 0, 0, 530, 4090, 2989, 1, 0, 0, 666, 0, 0, 0, 0, 0, 0, 0, 0, 0, 0, 0, 0, 0, 0, 0, 0, 0, 'Trial of Heroism', '', '', '', '', 0, 0, 0, 0, 0, 0, 0, 0, 40752, 0, 0, 0, 0, 0, 15, 0, 0, 0, 0, 0, 0, '', '', '', '', 0),
  (777016, 2, 19, 19, 3738, 0, 0, 0, 0, 0, 0, 0, 0, 0, 0, 0, 0, 15000, 0, 0, 622592, 0, 0, 0, 0, 0, 0, 0, 0, 0, 0, 0, 0, 0, 0, 0, 0, 0, 0, 0, 0, 0, 0, 0, 0, 0, 0, 0, 0, 0, 530, 4120, 2926, 1, 0, 0, 0, 0, 0, 0, 0, 0, 0, 0, 0, 0, 0, 0, 0, 0, 0, 0, 0, 0, 'Judgment of Champions', '', '', '', '', 0, 0, 0, 0, 0, 0, 0, 0, 29434, 0, 0, 0, 0, 0, 25, 0, 0, 0, 0, 0, 0, '', '', '', '', 0),
  (777017, 2, 19, 19, 3738, 0, 0, 0, 0, 0, 0, 0, 0, 0, 0, 0, 0, 0, 0, 0, 622592, 0, 0, 0, 0, 0, 0, 0, 0, 0, 0, 0, 0, 0, 0, 0, 0, 0, 0, 0, 0, 0, 0, 0, 0, 0, 0, 0, 0, 0, 530, 4090, 2989, 1, 0, 0, 2000, 0, 0, 0, 0, 0, 0, 0, 0, 0, 0, 0, 0, 0, 0, 0, 0, 0, 'Heroes of the Arena', '', '', '', '', 0, 0, 0, 0, 0, 0, 0, 0, 40752, 0, 0, 0, 0, 0, 35, 0, 0, 0, 0, 0, 0, '', '', '', '', 0);

-- Reapply sheet-defined item requirements explicitly after quest row generation.
UPDATE quest_template
SET RequiredItemId1 = 29434, RequiredItemCount1 = 1, RequiredItemId2 = 0, RequiredItemCount2 = 0, RequiredItemId3 = 0, RequiredItemCount3 = 0, RequiredItemId4 = 0, RequiredItemCount4 = 0
WHERE ID = 777006;
UPDATE quest_template
SET RequiredItemId1 = 18706, RequiredItemCount1 = 1, RequiredItemId2 = 40752, RequiredItemCount2 = 30, RequiredItemId3 = 0, RequiredItemCount3 = 0, RequiredItemId4 = 0, RequiredItemCount4 = 0
WHERE ID = 777009;
UPDATE quest_template
SET RequiredItemId1 = 13209, RequiredItemCount1 = 1, RequiredItemId2 = 40752, RequiredItemCount2 = 60, RequiredItemId3 = 0, RequiredItemCount3 = 0, RequiredItemId4 = 0, RequiredItemCount4 = 0
WHERE ID = 777010;
UPDATE quest_template
SET RequiredItemId1 = 8663, RequiredItemCount1 = 1, RequiredItemId2 = 40752, RequiredItemCount2 = 120, RequiredItemId3 = 0, RequiredItemCount3 = 0, RequiredItemId4 = 0, RequiredItemCount4 = 0
WHERE ID = 777011;
UPDATE quest_template
SET RequiredItemId1 = 29434, RequiredItemCount1 = 10, RequiredItemId2 = 0, RequiredItemCount2 = 0, RequiredItemId3 = 0, RequiredItemCount3 = 0, RequiredItemId4 = 0, RequiredItemCount4 = 0
WHERE ID = 777014;
UPDATE quest_template
SET RequiredItemId1 = 40752, RequiredItemCount1 = 15, RequiredItemId2 = 0, RequiredItemCount2 = 0, RequiredItemId3 = 0, RequiredItemCount3 = 0, RequiredItemId4 = 0, RequiredItemCount4 = 0
WHERE ID = 777015;
UPDATE quest_template
SET RequiredItemId1 = 29434, RequiredItemCount1 = 25, RequiredItemId2 = 0, RequiredItemCount2 = 0, RequiredItemId3 = 0, RequiredItemCount3 = 0, RequiredItemId4 = 0, RequiredItemCount4 = 0
WHERE ID = 777016;
UPDATE quest_template
SET RequiredItemId1 = 40752, RequiredItemCount1 = 35, RequiredItemId2 = 0, RequiredItemCount2 = 0, RequiredItemId3 = 0, RequiredItemCount3 = 0, RequiredItemId4 = 0, RequiredItemCount4 = 0
WHERE ID = 777017;

INSERT INTO quest_offer_reward (ID, Emote1, Emote2, Emote3, Emote4, EmoteDelay1, EmoteDelay2, EmoteDelay3, EmoteDelay4, RewardText, VerifiedBuild) VALUES
  (777000, 0, 0, 0, 0, 0, 0, 0, 0, 'Welcome to the Stormspire, traveler! Please, take a moment to rest, have a warm meal, and enjoy the artificial breeze. Your adventure in the dome starts now, but heed my words: do not step outside the glass. The twisting nether out there will tear a newcomer apart, and I’d prefer not to lose a customer so quickly.', 0),
  (777001, 0, 0, 0, 0, 0, 0, 0, 0, 'Those are reusable, don\'t throw them away !', 0),
  (777002, 0, 0, 0, 0, 0, 0, 0, 0, 'Welcome, friend! The healer speaks the truth; forget those primitive enchantments and dusty librams. The Consortium deals in pure, engineered energy!

I have some average gems are ready to fuse with your armor, but you must make a choice. Will you claim flawless accuracy so your strikes never falter, or supreme stamina to endure the heaviest blows?

Choose your power, traveler, and let us begin our business!', 0),
  (777003, 0, 0, 0, 0, 0, 0, 0, 0, 'Welcome! I heard someone would be stopping by. So, you\'re interested in the art of enchanting?

You\'ve come to the right place. Whether you seek greater strength, sharper weapons, or sturdier armor, I can help you unlock the hidden potential within your gear.

Every great hero eventually discovers that the smallest magical enhancement can make the greatest difference. Let\'s begin your enchanting journey.', 0),
  (777004, 0, 0, 0, 0, 0, 0, 0, 0, 'Well done. You\'ve met with Dealer Rashaad and discovered the importance of magical accessories. A wise adventurer never overlooks the power of a finely crafted ring, an enchanted cloak, or a mystical trinket.', 0),
  (777005, 0, 0, 0, 0, 0, 0, 0, 0, 'So, you\'re the one they sent to find me?

I\'m Audi the Needle. I spent enough years fighting in the arena to know that raw strength only gets you so far. Timing, discipline, and patience—that\'s what separates a champion from another fallen contender.

If you\'re willing to learn, perhaps I\'ll show you a few tricks. But remember... every gladiator starts as a stranger.

Welcome to the Stormpike.', 0),
  (777006, 0, 0, 0, 0, 0, 0, 0, 0, 'Excellent! Your name has been added to the roster.

Now all that\'s left is to await the call to battle. When the gates open, fight with honor, protect your allies, and never let the enemy walk away with your flag.

Good luck, champion. May your first steps into Warsong Gulch be the beginning of a long legacy of victories.', 0),
  (777009, 0, 0, 0, 0, 0, 0, 0, 0, 'Excellent work. Your Arena Grand Master has evolved into a stronger artifact, its protective magic now more potent than before.

This is more than an upgrade—it\'s a testament to your growth as a combatant. Treasure this relic, for every enhancement brings you one step closer to becoming an unstoppable force in the arena.

Wear it proudly, champion. Greater challenges—and greater rewards—still await.', 0),
  (777010, 0, 0, 0, 0, 0, 0, 0, 0, 'Remarkable. The Arena Grand Master now radiates with the confidence of a veteran champion. Its power has matured alongside your own, becoming a symbol of perseverance and mastery.

Rank 3 is more than just an upgrade—it\'s proof that you\'ve earned your place among Azeroth\'s elite. Wear it with pride, and let every opponent know they\'re facing a true contender.', 0),
  (777011, 0, 0, 0, 0, 0, 0, 0, 0, 'Incredible...

The ritual is complete, and the Arena Grand Master has reached its final evolution. Its power is no longer dormant—it has fully awakened, resonating with every battle you\'ve fought and every opponent you\'ve overcome.

Few possess the dedication to reach this point. Fewer still have the skill.

Wear this trinket with pride. It is more than a piece of equipment; it is proof that you have mastered the arena and earned your place among its greatest champions.

There are no higher ranks to attain.

Only legends to surpass.', 0),
  (777014, 0, 0, 0, 0, 0, 0, 0, 0, 'Outstanding work! You\'ve once again proven yourself as a formidable force on the battlefield.

Your bravery has earned the respect of friend and foe alike. Accept this reward of 5,000 Honor and 50,000 Gold as payment for your service.

Rest while you can, champion. Tomorrow, the call to battle will sound once more, and glory will await those bold enough to answer it.', 0),
  (777015, 0, 0, 0, 0, 0, 0, 0, 0, 'You\'ve answered the Arena\'s call and stood your ground against determined foes.

Every match you\'ve fought has strengthened your resolve and refined your combat instincts. Win or lose, you\'ve gained the experience that separates ordinary adventurers from true gladiators.

Return tomorrow, challenger. The Arena always awaits those seeking honor, glory, and the next great battle.', 0),
  (777016, 0, 0, 0, 0, 0, 0, 0, 0, 'Outstanding work. Once again, you\'ve proven that honor is more than a title—it\'s a way of life. Your victories have inspired your allies and struck fear into your enemies.

Accept this reward of 15,000 Honor and 150,000 Gold as recognition of your unwavering dedication. Rest while you can, champion. Next week, the battlefield will call upon you once more, and glory will await those bold enough to answer.', 0),
  (777017, 0, 0, 0, 0, 0, 0, 0, 0, 'Well fought, champion.

20 arena matches is no small feat. You\'ve stood against determined foes, earned valuable experience, and strengthened your reputation among the combatants.

Accept your reward with pride, and prepare yourself—the arena\'s call never grows silent, and another challenge awaits when the new week begins.', 0);

INSERT INTO quest_template_addon (ID, MaxLevel, AllowableClasses, SourceSpellID, PrevQuestID, NextQuestID, ExclusiveGroup, RewardMailTemplateID, RewardMailDelay, RequiredSkillID, RequiredSkillPoints, RequiredMinRepFaction, RequiredMaxRepFaction, RequiredMinRepValue, RequiredMaxRepValue, ProvidedItemCount, SpecialFlags) VALUES
  (777000, 19, 0, 0, 0, 777001, 0, 0, 0, 0, 0, 0, 0, 0, 0, 0, 32),
  (777001, 19, 0, 0, 0, 777002, 0, 0, 0, 0, 0, 0, 0, 0, 0, 0, 32),
  (777002, 19, 0, 0, 0, 777003, 0, 0, 0, 0, 0, 0, 0, 0, 0, 0, 32),
  (777003, 19, 0, 0, 0, 777004, 0, 0, 0, 0, 0, 0, 0, 0, 0, 0, 32),
  (777004, 19, 0, 0, 0, 777005, 0, 0, 0, 0, 0, 0, 0, 0, 0, 0, 32),
  (777005, 19, 0, 0, 0, 777006, 0, 0, 0, 0, 0, 0, 0, 0, 0, 0, 32),
  (777009, 19, 0, 0, 777004, 0, 0, 0, 0, 0, 0, 0, 0, 0, 0, 0, 32),
  (777010, 19, 0, 0, 777009, 0, 0, 0, 0, 0, 0, 0, 0, 0, 0, 0, 32),
  (777011, 19, 0, 0, 777010, 0, 0, 0, 0, 0, 0, 0, 0, 0, 0, 0, 32),
  (777014, 19, 0, 0, 777006, 0, 0, 0, 0, 0, 0, 0, 0, 0, 0, 0, 32),
  (777015, 19, 0, 0, 777004, 0, 0, 0, 0, 0, 0, 0, 0, 0, 0, 0, 32),
  (777016, 19, 0, 0, 777006, 0, 0, 0, 0, 0, 0, 0, 0, 0, 0, 0, 32),
  (777017, 19, 0, 0, 777004, 0, 0, 0, 0, 0, 0, 0, 0, 0, 0, 0, 32);

INSERT INTO quest_request_items (ID, EmoteOnComplete, EmoteOnIncomplete, CompletionText, VerifiedBuild) VALUES
  (777000, 0, 0, '', 0),
  (777001, 0, 0, 'Speak with Zarevhi, the arcane healer and learn it\'s techniques.', 0),
  (777002, 0, 0, 'Speak with Dealer Senzik to get your shiny gems.', 0),
  (777003, 0, 0, 'Have you found Dealer Malij yet? The secrets of enchanting won\'t reveal themselves on their own. Seek them out and take your first step toward imbuing your equipment with extraordinary power.', 0),
  (777004, 0, 0, 'Have you spoken with Dealer Rashaad yet? Take a look through their selection of accessories. The right ring, necklace, or trinket can provide the edge needed to overcome even the fiercest of enemies.', 0),
  (777005, 0, 0, 'Have you found Audi the Needle yet?

She isn\'t difficult to recognize. Even in retirement, she carries herself like a seasoned fighter—calm, focused, and always watching.

Seek her out within the Stormpike and make your introduction. Your journey as a true warrior is only beginning.', 0),
  (777006, 0, 0, 'Still standing here?

Warsong Gulch isn\'t going to queue itself. Every moment you hesitate is another opportunity for the enemy to claim victory.

Join the queue, and show everyone that you\'re more than just another bystander.', 0),
  (777009, 0, 0, '', 0),
  (777010, 0, 0, '', 0),
  (777011, 0, 0, '', 0),
  (777014, 0, 0, '', 0),
  (777015, 0, 0, '', 0),
  (777016, 0, 0, '', 0),
  (777017, 0, 0, '', 0);

INSERT INTO creature_queststarter (id, quest) VALUES
  (19531, 777000),
  (19531, 777001),
  (22427, 777002),
  (19538, 777003),
  (19537, 777004),
  (20980, 777005),
  (20205, 777006),
  (20205, 777009),
  (20205, 777010),
  (20205, 777011),
  (20084, 777014),
  (20205, 777015),
  (20084, 777016),
  (20205, 777017);

INSERT INTO creature_questender (id, quest) VALUES
  (19531, 777000),
  (22427, 777001),
  (19538, 777002),
  (19537, 777003),
  (20980, 777004),
  (20205, 777005),
  (20084, 777006),
  (20205, 777009),
  (20205, 777010),
  (20205, 777011),
  (20084, 777014),
  (20205, 777015),
  (20084, 777016),
  (20205, 777017);

INSERT INTO quest_poi (QuestId, id, ObjectiveIndex, MapId, WorldMapAreaId, Floor, Priority, Flags, VerifiedBuild) VALUES
  (777000, 1, -1, 530, 105, 0, 0, 0, 0),
  (777001, 1, -1, 530, 105, 0, 0, 0, 0),
  (777002, 1, -1, 530, 105, 0, 0, 0, 0),
  (777003, 1, -1, 530, 105, 0, 0, 0, 0),
  (777004, 1, -1, 530, 105, 0, 0, 0, 0),
  (777005, 1, -1, 530, 105, 0, 0, 0, 0),
  (777006, 1, -1, 530, 105, 0, 0, 0, 0),
  (777009, 1, -1, 530, 105, 0, 0, 0, 0),
  (777010, 1, -1, 530, 105, 0, 0, 0, 0),
  (777011, 1, -1, 530, 105, 0, 0, 0, 0),
  (777014, 1, -1, 530, 105, 0, 0, 0, 0),
  (777015, 1, -1, 530, 105, 0, 0, 0, 0),
  (777016, 1, -1, 530, 105, 0, 0, 0, 0),
  (777017, 1, -1, 530, 105, 0, 0, 0, 0);

INSERT INTO quest_poi_points (QuestId, idx1, idx2, X, Y) VALUES
  (777000, 1, 0, 4113, 3066),
  (777001, 1, 0, 4095, 3024),
  (777002, 1, 0, 4202, 2999),
  (777003, 1, 0, 4190, 3024),
  (777004, 1, 0, 4145, 3057),
  (777005, 1, 0, 4090, 2989),
  (777006, 1, 0, 4120, 2926),
  (777009, 1, 0, 4090, 2989),
  (777010, 1, 0, 4090, 2989),
  (777011, 1, 0, 4090, 2989),
  (777014, 1, 0, 4120, 2926),
  (777015, 1, 0, 4090, 2989),
  (777016, 1, 0, 4120, 2926),
  (777017, 1, 0, 4090, 2989);
